dreamteam_count,now_cost,points_per_game,selected_by_percent,total_points,transfers_in,transfers_out,minutes,goals_scored,assists,clean_sheets,goals_conceded,own_goals,penalties_saved,penalties_missed,yellow_cards,red_cards,saves,bonus,bps,influence,creativity,threat,ict_index,team,position,player_name
1,4.5,2.5,0.8,10,80974,205566,360,0,0,1,9,0,0,0,0,0,10,0,69,85.0,0.0,0.0,8.5,Arsenal,Goalkeeper,Bernd Leno
0,9.6,3.1,1.2,44,742898,900060,1036,4,1,6,16,0,0,2,3,0,0,7,131,217.6,132.4,582.0,92.9,Arsenal,Forward,Pierre-Emerick Aubameyang
1,4.2,2.3,0.4,48,66997,55154,1481,1,1,3,27,0,0,0,3,0,0,3,292,318.4,327.1,111.0,75.8,Arsenal,Defender,Cédric Soares
1,8.1,3.0,3.1,90,1729889,1688857,1773,4,8,10,17,0,0,1,0,0,0,3,295,376.6,386.2,731.0,148.5,Arsenal,Forward,Alexandre Lacazette
0,4.8,2.2,0.4,60,49300,97620,2327,1,2,6,38,0,0,0,10,1,0,3,334,395.4,522.9,262.0,118.2,Arsenal,Midfielder,Granit Xhaka
0,4.2,0.5,0.1,1,5760,15133,180,0,0,0,4,0,0,0,1,0,0,0,35,55.4,12.3,11.0,7.9,Arsenal,Defender,Pablo Marí
0,4.2,0.0,0.1,0,3727,11689,91,0,0,0,5,0,0,0,1,0,0,0,6,4.2,0.2,0.0,0.4,Arsenal,Defender,Sead Kolasinac
0,4.4,1.9,0.4,27,46697,77648,801,0,2,0,17,0,0,0,1,0,0,0,156,163.2,131.5,49.0,34.4,Arsenal,Midfielder,Mohamed Naser El Sayed Elneny
0,5.2,1.5,0.0,12,4745,9803,263,0,0,2,4,0,0,0,0,0,0,0,44,42.6,41.3,9.0,9.3,Arsenal,Midfielder,Ainsley Maitland-Niles
1,4.1,1.9,0.8,29,111354,205215,840,1,0,2,16,0,0,0,2,1,0,2,152,253.0,8.6,49.0,31.1,Arsenal,Defender,Rob Holding
1,5.0,3.0,0.2,71,92507,88564,2027,2,2,10,25,0,0,0,6,0,0,4,345,359.6,275.5,394.0,103.0,Arsenal,Midfielder,Thomas Partey
3,4.9,4.8,4.7,106,2015908,2258262,1916,1,3,11,21,0,0,0,0,0,0,11,454,365.2,335.9,198.0,90.1,Arsenal,Defender,Kieran Tierney
0,6.9,2.2,0.7,45,138606,359347,681,1,4,2,9,0,0,0,0,0,0,1,127,149.4,216.9,400.0,76.3,Arsenal,Midfielder,Nicolas Pépé
2,5.7,2.6,11.5,55,1215172,181246,823,5,1,0,18,0,0,0,3,0,0,6,194,249.2,165.2,408.0,82.1,Arsenal,Forward,Edward Nketiah
1,5.7,3.8,10.0,125,3951517,3748602,1909,10,2,8,28,0,0,0,1,0,0,9,435,555.8,453.3,576.0,158.4,Arsenal,Midfielder,Emile Smith Rowe
4,6.7,4.7,28.8,179,5143893,3762118,2978,11,9,13,39,0,0,0,6,0,0,18,566,790.4,977.8,1434.0,320.0,Arsenal,Midfielder,Bukayo Saka
5,5.3,4.2,7.4,146,1601760,1014553,3063,5,0,13,38,0,0,0,6,1,0,16,682,746.8,131.6,470.0,134.7,Arsenal,Defender,Gabriel Magalhães
1,5.3,3.8,3.1,110,1425921,1158855,1855,6,7,7,25,0,0,0,1,1,0,6,345,475.8,483.3,786.0,174.7,Arsenal,Midfielder,Gabriel Teodoro Martinelli Silva
0,4.6,3.3,12.4,107,1839917,2576098,2880,0,0,13,35,1,0,0,3,0,0,9,557,592.8,182.3,150.0,92.5,Arsenal,Defender,Ben White
1,4.3,2.2,1.0,49,190787,139134,1169,1,1,3,19,0,0,0,2,0,0,2,199,201.0,188.2,221.0,61.1,Arsenal,Defender,Nuno Varela Tavares
0,4.8,1.7,0.1,32,21915,33912,1129,0,0,7,11,0,0,0,5,0,0,0,173,192.4,263.4,108.0,56.3,Arsenal,Midfielder,Albert Sambi Lokonga
0,4.7,1.0,0.2,2,62383,81750,69,0,0,0,1,0,0,0,0,0,0,0,2,4.2,3.7,17.0,1.9,Arsenal,Forward,Folarin Balogun
0,5.0,1.0,0.0,1,468,1075,19,0,0,0,1,0,0,0,0,0,0,0,4,4.0,11.6,20.0,3.6,Arsenal,Midfielder,Reiss Nelson
2,5.6,3.6,6.0,131,1592680,1121518,2782,7,4,11,39,0,0,0,4,0,0,9,541,676.6,1073.2,639.0,238.2,Arsenal,Midfielder,Martin Ødegaard
3,5.1,4.0,17.1,135,2974404,1615861,3060,0,0,12,39,0,0,0,1,0,90,14,641,690.2,1.0,0.0,69.0,Arsenal,Goalkeeper,Aaron Ramsdale
1,4.5,3.6,1.9,75,831427,715081,1680,0,1,9,20,0,0,0,2,0,0,5,344,312.4,240.9,110.0,66.4,Arsenal,Defender,Takehiro Tomiyasu
1,4.2,3.2,0.4,42,49077,51749,999,1,0,4,16,0,0,0,1,0,0,2,198,250.6,53.1,63.0,36.7,Aston Villa,Defender,Calum Chambers
0,3.9,1.0,1.7,1,325469,296097,90,0,0,0,3,0,0,0,0,0,1,0,13,8.2,0.0,0.0,0.8,Aston Villa,Goalkeeper,Jed Steer
2,5.5,3.6,11.4,129,774970,2408848,3240,0,0,11,48,0,1,0,4,0,95,7,651,755.8,0.0,0.0,75.4,Aston Villa,Goalkeeper,Emiliano Martínez
0,5.7,1.4,0.3,13,14574,144221,212,0,1,0,3,0,0,0,0,0,0,0,41,21.0,10.6,90.0,11.8,Aston Villa,Midfielder,Bertrand Traoré
0,5.0,1.3,0.0,13,2674,3180,349,0,0,0,8,0,0,0,0,0,0,0,61,52.8,36.6,3.0,9.4,Aston Villa,Midfielder,Morgan Sanson
2,5.6,3.1,1.1,110,347733,356112,3090,3,4,10,48,0,0,0,8,0,0,12,495,700.2,777.8,307.0,178.6,Aston Villa,Midfielder,John McGinn
1,4.4,2.9,0.2,20,40715,42999,397,1,0,1,9,0,0,0,0,0,0,3,89,102.8,5.9,64.0,17.3,Aston Villa,Defender,Kortney Hause
0,5.4,1.0,0.0,1,3656,4041,10,0,0,0,1,0,0,0,0,0,0,0,4,1.8,2.0,10.0,1.4,Aston Villa,Midfielder,Mahmoud Ahmed Ibrahim Hassan
3,5.0,3.3,6.9,118,1115956,1243549,3188,1,4,11,49,0,0,0,11,0,0,12,596,667.2,130.9,309.0,110.6,Aston Villa,Defender,Tyrone Mings
1,7.5,3.7,9.1,131,3499976,3056403,2950,11,3,10,48,0,0,0,7,0,0,17,441,613.8,469.6,1345.0,242.9,Aston Villa,Forward,Ollie Watkins
0,4.4,1.4,0.1,22,25124,32183,899,0,0,2,20,0,0,0,5,0,0,0,124,139.2,42.2,0.0,18.3,Aston Villa,Midfielder,Marvelous Nakamba
2,6.1,3.1,1.3,107,245664,553313,1887,4,6,7,32,0,0,0,1,0,0,8,378,482.8,660.5,531.0,167.8,Aston Villa,Midfielder,Emiliano Buendía Stati
3,5.3,3.9,11.5,147,2025221,1193273,3377,4,3,13,50,0,0,0,8,0,0,11,623,754.8,432.1,534.0,172.1,Aston Villa,Defender,Matthew Cash
1,4.9,2.7,0.9,78,239492,263840,2477,2,0,8,43,0,0,0,4,2,0,4,388,428.2,56.5,251.0,73.4,Aston Villa,Defender,Ezri Konsa Ngoyo
0,5.4,1.0,0.1,1,9629,27272,1,0,0,0,0,0,0,0,0,0,0,0,2,0.0,0.5,0.0,0.0,Aston Villa,Forward,Wesley Moraes
0,4.5,1.0,1.4,1,347758,424534,11,0,0,0,0,0,0,0,0,0,0,0,2,0.4,1.0,0.0,0.1,Aston Villa,Forward,Keinan Davis
0,4.3,2.6,1.9,89,621406,553863,2715,2,3,10,38,0,0,0,7,0,0,3,468,503.2,547.9,199.0,125.1,Aston Villa,Midfielder,Douglas Luiz Soares de Paulo
3,4.7,3.2,4.9,109,1608958,1224264,2465,6,1,12,35,0,0,0,6,0,0,9,402,538.2,334.0,432.0,130.7,Aston Villa,Midfielder,Jacob Ramsey
0,4.7,2.1,0.5,50,77403,124937,1234,0,2,4,19,1,0,0,2,0,0,0,224,187.4,201.9,113.0,50.2,Aston Villa,Defender,Ashley Young
0,5.0,2.9,5.9,83,1209188,2123002,2440,0,4,7,42,1,0,0,6,0,0,8,459,538.8,772.7,202.0,151.6,Aston Villa,Defender,Lucas Digne
1,7.7,3.5,9.3,106,1796002,3904674,1891,7,6,10,26,0,0,0,4,0,0,12,344,448.6,210.9,749.0,140.3,Aston Villa,Forward,Danny Ings
0,6.3,2.1,0.4,37,82553,250477,750,1,3,2,13,0,0,0,3,0,0,1,98,143.2,118.5,271.0,53.2,Aston Villa,Midfielder,Leon Bailey
0,5.0,1.0,0.0,1,1105,2552,4,0,0,0,0,0,0,0,0,0,0,0,0,0.0,0.0,0.0,0.0,Aston Villa,Midfielder,Jaden Philogene-Bidace
0,4.5,1.3,0.1,16,8866,8807,291,0,1,0,6,0,0,0,0,0,0,0,43,44.0,34.6,69.0,14.9,Aston Villa,Midfielder,Carney Chukwuemeka
0,4.5,1.0,0.8,3,271066,230443,24,0,0,0,0,0,0,0,0,0,0,0,3,0.0,0.8,18.0,1.6,Aston Villa,Forward,Cameron Archer
0,4.5,1.3,0.0,4,679,442,90,0,0,1,0,0,0,0,1,0,0,0,17,10.6,2.0,4.0,1.7,Aston Villa,Midfielder,Tim Iroegbunam
2,7.1,4.4,10.6,83,3249482,2323243,1327,5,3,7,17,0,0,0,0,0,0,7,283,360.8,349.3,445.0,115.7,Aston Villa,Midfielder,Philippe Coutinho Correia
0,4.0,1.0,0.0,1,3876,1896,90,0,0,0,3,0,0,0,0,0,2,0,14,18.8,0.0,0.0,1.9,Aston Villa,Goalkeeper,Robin Olsen
1,4.5,3.3,7.0,122,1557057,1107054,3321,3,4,8,56,0,0,0,7,0,0,13,616,782.0,67.2,476.0,133.0,Brentford,Defender,Pontus Jansson
0,5.0,2.9,0.6,101,212491,209171,3054,3,4,8,51,0,0,0,8,0,0,5,502,694.8,409.8,434.0,154.3,Brentford,Midfielder,Christian Nørgaard
3,6.9,4.2,18.8,139,4035001,4651860,2908,12,5,8,47,0,0,0,8,0,0,19,502,717.8,573.6,1320.0,260.7,Brentford,Forward,Ivan Toney
0,5.1,1.0,0.0,1,2458,9065,16,0,0,0,0,0,0,0,0,0,0,0,4,5.2,4.8,21.0,3.1,Brentford,Midfielder,Tariqe Fosu-Henry
1,4.4,4.0,4.6,95,1150280,1076857,2160,0,0,8,27,0,0,0,1,0,78,5,496,593.4,10.0,0.0,60.1,Brentford,Goalkeeper,David Raya Martin
1,5.5,2.6,1.0,81,419588,455260,2077,3,3,8,36,1,0,0,6,1,0,5,268,386.4,283.6,439.0,111.0,Brentford,Midfielder,Sergi Canós
0,5.3,0.8,0.0,7,1242,2380,250,0,0,0,6,0,0,0,0,1,0,0,27,30.2,41.2,30.0,10.0,Brentford,Midfielder,Pelenda Joshua Dasilva
1,4.5,3.2,1.2,108,303575,276061,2775,3,0,9,41,0,0,0,2,0,0,4,453,451.0,325.4,235.0,101.0,Brentford,Defender,Rico Henry
2,4.9,2.9,0.2,90,60062,51191,2295,4,0,9,37,0,0,0,3,0,0,8,343,460.6,331.1,400.0,119.0,Brentford,Midfielder,Vitaly Janelt
0,5.2,1.8,0.0,30,3276,6067,524,1,2,1,4,0,0,0,2,0,0,0,115,128.4,96.3,133.0,36.0,Brentford,Midfielder,Saman Ghoddos
0,4.9,1.7,0.0,54,14419,15054,1590,0,1,3,30,0,0,0,0,0,0,2,246,253.2,540.6,198.0,99.3,Brentford,Midfielder,Mathias Jensen
0,3.9,1.7,1.1,10,341735,373901,448,0,0,1,6,0,0,0,3,0,0,0,64,54.8,82.7,24.0,16.0,Brentford,Defender,Charlie Goode
0,5.3,1.6,0.1,11,25518,35389,203,0,1,0,4,0,0,0,0,0,0,0,35,20.8,12.5,55.0,8.7,Brentford,Forward,Marcus Forss
1,4.1,2.0,0.2,41,28459,21369,1232,1,1,1,27,0,0,0,1,0,0,4,170,200.2,125.8,81.0,40.8,Brentford,Defender,Mads Roerslev Rasmussen
0,4.3,2.0,0.1,22,3881,9990,833,0,0,2,14,0,0,0,3,0,0,1,139,127.6,89.7,44.0,26.1,Brentford,Defender,Mads Bech Sørensen
1,4.4,2.8,2.7,90,858922,846137,2694,1,1,7,43,0,0,0,1,0,0,7,517,648.8,151.7,335.0,113.5,Brentford,Defender,Ethan Pinnock
1,5.2,3.4,1.9,119,843273,783204,2905,4,7,9,47,0,0,0,4,0,0,6,310,459.8,520.6,967.0,193.7,Brentford,Midfielder,Bryan Mbeumo
0,4.4,1.0,0.1,4,7635,11427,36,0,0,0,0,0,0,0,0,0,0,0,11,6.6,0.7,0.0,0.8,Brentford,Midfielder,Mads Bidstrup
0,4.9,1.8,0.1,35,13501,17263,1040,0,2,3,19,0,0,0,4,0,0,0,117,93.0,73.5,174.0,33.7,Brentford,Midfielder,Frank Onyeka
1,4.4,3.4,0.7,81,136468,136461,1995,1,3,8,32,0,0,0,5,0,0,5,384,390.0,124.2,184.0,70.0,Brentford,Defender,Kristoffer Ajer
0,4.4,1.5,0.0,3,2586,5329,146,0,0,0,3,0,0,0,0,0,0,0,12,15.8,1.2,6.0,2.3,Brentford,Defender,Dominic Thompson
0,4.9,1.6,0.0,35,8990,10458,898,1,0,2,15,0,0,0,0,1,0,2,120,139.0,120.8,145.0,40.3,Brentford,Midfielder,Shandon Baptiste
0,5.7,3.1,0.3,92,38811,24374,1268,7,2,3,22,0,0,0,0,0,0,6,277,348.0,133.1,402.0,87.6,Brentford,Midfielder,Yoane Wissa
0,4.5,2.6,0.4,31,164504,139409,1080,0,0,1,24,1,0,0,0,0,49,2,218,353.2,0.0,0.0,35.2,Brentford,Goalkeeper,Álvaro Fernández
0,3.9,1.0,0.3,1,51209,36328,14,0,0,0,0,0,0,0,0,0,0,0,4,8.6,10.3,2.0,2.1,Brentford,Defender,Finley Stevens
0,4.5,2.2,0.0,18,11291,11401,516,1,0,1,10,0,0,0,2,0,0,0,84,108.6,44.9,57.0,21.1,Brentford,Defender,Mathias Jorgensen
0,4.5,1.0,1.1,1,210758,119029,3,0,0,0,0,0,0,0,0,0,0,0,2,0.0,0.0,0.0,0.0,Brentford,Forward,Nathan Young-Coombes
0,4.5,1.0,0.0,2,1482,1122,180,0,0,0,5,0,0,0,0,0,2,0,21,15.4,0.0,0.0,1.6,Brentford,Goalkeeper,Jonas Lössl
0,5.6,3.9,1.8,43,258104,99005,938,1,4,4,10,0,0,0,1,0,0,2,221,285.6,482.4,192.0,95.8,Brentford,Midfielder,Christian Eriksen
0,5.3,1.8,0.1,44,25642,39007,1559,0,1,6,20,0,0,0,4,0,0,0,240,209.4,162.9,173.0,54.6,Brighton,Midfielder,Adam Lallana
0,3.9,2.0,2.8,2,479616,437939,90,0,0,0,2,0,0,0,0,0,3,0,17,28.8,0.0,0.0,2.9,Brighton,Goalkeeper,Jason Steele
1,5.6,3.0,0.3,88,181447,210743,2033,2,5,8,24,0,0,1,1,0,0,7,405,475.2,961.8,370.0,180.9,Brighton,Midfielder,Pascal Groß
1,4.0,2.7,7.6,48,2541117,2375367,1434,1,1,4,19,0,0,0,7,0,0,3,288,380.6,58.2,282.0,72.2,Brighton,Defender,Shane Duffy
1,4.8,3.2,2.3,92,357320,658755,2573,1,0,10,33,0,0,0,3,1,0,7,537,570.0,63.5,327.0,96.1,Brighton,Defender,Lewis Dunk
0,5.3,2.0,0.1,61,9744,14673,1733,0,2,7,23,0,0,0,1,0,0,0,216,278.4,528.4,291.0,109.7,Brighton,Midfielder,Solomon March
2,4.3,2.7,0.3,59,91645,117809,1429,2,0,4,20,0,0,0,5,0,0,6,266,416.8,51.4,120.0,58.9,Brighton,Defender,Adam Webster
0,4.2,2.8,1.4,95,234723,388674,2874,1,1,8,39,0,0,0,6,0,0,5,545,582.2,275.8,183.0,104.4,Brighton,Defender,Joël Veltman
2,6.2,3.1,4.3,98,2063720,1920442,2269,8,3,7,31,0,0,1,7,0,0,11,295,370.4,366.0,721.0,143.5,Brighton,Forward,Neal Maupay
3,5.9,4.1,2.8,141,876755,755335,2803,8,4,11,33,0,0,0,2,0,0,16,465,627.6,708.3,1020.0,235.4,Brighton,Midfielder,Leandro Trossard
1,4.5,3.4,14.5,126,1601669,2209833,3330,0,0,11,42,0,0,0,3,1,101,8,679,811.0,30.0,0.0,84.0,Brighton,Goalkeeper,Robert Sánchez
1,4.4,2.5,4.8,66,1181126,1782957,2110,1,2,7,28,0,0,0,10,0,0,9,351,429.2,169.3,126.0,72.4,Brighton,Midfielder,Yves Bissouma
1,4.5,2.5,1.8,74,444866,341659,1547,0,2,6,21,0,0,0,4,0,0,7,308,254.6,367.9,175.0,79.4,Brighton,Defender,Tariq Lamptey
0,5.3,1.2,0.1,5,19775,32755,154,0,0,0,1,0,0,0,0,0,0,0,12,2.4,13.1,18.0,3.1,Brighton,Forward,Aaron Connolly
0,4.8,1.4,0.0,13,3643,6463,401,0,0,0,7,0,0,0,0,0,0,0,77,70.2,40.8,21.0,13.3,Brighton,Midfielder,Steven Alzate
1,5.1,2.8,0.5,93,170501,167759,2112,5,2,6,29,0,0,1,4,0,0,8,398,509.6,490.7,550.0,154.9,Brighton,Midfielder,Alexis Mac Allister
0,4.5,2.1,0.5,58,162170,163433,1694,0,3,5,23,0,0,0,1,0,0,0,227,239.6,286.0,372.0,90.3,Brighton,Midfielder,Jakub Moder
2,6.0,3.6,1.6,89,222797,98962,1469,6,4,5,16,0,0,0,0,0,0,13,247,361.8,228.9,598.0,117.8,Brighton,Forward,Danny Welbeck
1,5.9,3.2,0.1,58,25266,31830,990,2,5,3,13,0,0,0,2,0,0,5,200,244.8,143.2,210.0,59.4,Brighton,Midfielder,Enock Mwepu
0,4.5,1.0,0.0,2,4122,4340,23,0,0,0,0,0,0,0,0,0,0,0,5,4.6,12.8,8.0,2.5,Brighton,Midfielder,Taylor Richards
0,4.5,3.4,0.1,27,8852,3043,660,1,1,4,6,0,0,0,2,0,0,1,124,145.4,64.6,131.0,34.1,Brighton,Midfielder,Moisés Caicedo
1,4.9,3.6,4.1,126,902819,567343,3089,1,1,11,39,0,0,0,6,0,0,21,673,679.8,700.8,207.0,159.1,Brighton,Defender,Marc Cucurella
0,4.4,1.0,0.9,1,309704,252914,22,0,0,0,0,0,0,0,0,0,0,0,0,0.0,1.1,3.0,0.1,Brighton,Forward,Jürgen Locadia
0,4.5,1.0,0.0,5,1837,1774,44,0,0,0,2,0,0,0,0,0,0,0,15,2.8,2.4,2.0,0.8,Brighton,Midfielder,Jeremy Sarmiento
0,4.5,1.0,0.4,1,100291,65940,22,0,0,0,1,0,0,0,0,0,0,0,4,2.0,4.8,2.0,0.9,Brighton,Forward,Evan Ferguson
1,4.9,2.4,1.3,83,303587,315287,3106,1,2,7,51,1,0,0,11,0,0,5,486,892.6,118.1,315.0,132.8,Burnley,Defender,James Tarkowski
1,4.1,3.1,0.1,37,64560,69732,726,0,1,4,5,0,0,0,1,0,0,1,157,179.0,43.4,48.0,27.0,Burnley,Defender,Erik Pieters
1,4.4,2.4,0.1,48,23126,25320,1670,1,0,6,26,0,0,0,4,0,0,3,143,168.0,106.3,110.0,38.2,Burnley,Midfielder,Jack Cork
0,4.4,1.3,0.0,4,5759,6399,123,0,0,1,0,0,0,0,1,0,0,0,11,12.8,12.4,1.0,2.6,Burnley,Midfielder,Dale Stephens
0,4.0,1.2,0.2,7,147313,146979,408,0,0,0,7,0,0,0,1,0,0,0,31,33.2,0.4,20.0,5.4,Burnley,Defender,Kevin Long
1,5.1,2.1,1.2,60,384468,365094,1365,2,3,6,15,0,0,0,3,0,0,4,159,176.4,166.0,455.0,78.4,Burnley,Forward,Jay Rodriguez
0,5.2,1.4,1.1,32,177294,241269,793,1,0,1,19,0,0,0,4,0,0,2,60,84.6,107.6,196.0,37.4,Burnley,Forward,Ashley Barnes
2,4.6,3.5,0.6,74,571082,596943,1839,3,0,6,25,1,0,0,3,0,0,3,325,463.8,63.4,238.0,76.6,Burnley,Defender,Ben Mee
0,5.2,2.3,0.2,63,65865,105782,2286,0,4,4,40,0,0,0,7,0,0,2,303,298.2,517.1,153.0,96.5,Burnley,Midfielder,Ashley Westwood
0,5.4,1.8,0.1,33,7793,11881,1097,0,1,3,19,0,0,0,2,0,0,0,100,134.0,137.5,193.0,46.5,Burnley,Midfielder,Johann Berg Gudmundsson
1,4.4,2.6,1.0,65,296955,407943,1771,1,3,4,30,0,0,0,3,1,0,5,337,404.2,264.9,95.0,76.5,Burnley,Defender,Matthew Lowton
0,5.2,2.1,0.5,46,119873,155530,665,2,3,2,7,0,0,0,1,0,0,4,138,172.4,77.5,239.0,48.4,Burnley,Forward,Matej Vydra
2,5.3,3.6,3.5,130,462033,487758,3240,0,0,9,47,0,0,0,1,0,120,12,683,902.8,20.0,0.0,92.4,Burnley,Goalkeeper,Nick Pope
2,4.4,2.5,0.7,78,112893,105200,2730,0,3,5,48,0,0,0,3,0,0,8,454,565.0,341.8,52.0,95.9,Burnley,Defender,Charlie Taylor
3,4.3,2.6,3.6,92,878097,887431,2952,2,3,7,45,0,0,0,10,0,0,8,428,573.4,572.5,277.0,142.5,Burnley,Midfielder,Josh Brownhill
0,5.5,2.2,0.2,84,72988,80783,3104,0,1,9,49,0,0,0,1,0,0,1,440,565.2,754.3,505.0,182.9,Burnley,Midfielder,Dwight McNeil
1,4.3,2.9,0.5,55,59805,26865,1670,2,0,5,26,0,0,0,2,1,0,1,272,436.0,78.2,254.0,77.0,Burnley,Defender,Nathan Collins
0,4.5,2.0,0.3,4,23008,24698,180,0,0,0,6,0,0,0,0,0,8,0,37,62.8,30.0,0.0,9.3,Burnley,Goalkeeper,Wayne Hennessey
0,4.6,2.1,0.1,60,30463,25258,1541,2,1,4,25,0,0,0,2,0,0,1,172,190.8,137.3,218.0,54.3,Burnley,Midfielder,Aaron Lennon
2,5.8,4.0,0.8,104,620482,569245,1764,9,2,5,24,0,0,1,2,0,0,9,242,434.6,260.4,620.0,131.5,Burnley,Midfielder,Maxwel Cornet
3,4.4,3.3,0.6,69,132337,80732,1689,1,1,6,23,0,0,0,2,0,0,6,313,302.0,196.3,100.0,59.8,Burnley,Defender,Connor Roberts
1,6.2,2.8,4.0,55,1392668,1025088,1448,2,3,6,20,0,0,0,3,0,0,6,134,203.0,191.6,371.0,76.1,Burnley,Forward,Wout Weghorst
1,5.6,3.2,3.3,87,905299,1022389,2067,1,3,7,23,0,0,0,3,0,0,2,453,476.4,310.0,212.0,100.0,Chelsea,Defender,César Azpilicueta
2,5.6,4.1,7.9,130,1344324,1023523,2649,3,1,11,28,0,0,0,2,0,0,14,667,829.4,133.9,229.0,119.4,Chelsea,Defender,Thiago Emiliano da Silva
5,5.7,4.6,15.3,128,4009140,3196283,2164,4,5,9,22,0,0,0,8,0,0,14,528,560.2,677.3,566.0,180.6,Chelsea,Defender,Marcos Alonso
3,5.7,3.7,3.9,106,910993,1070231,2271,6,2,12,16,0,0,1,5,0,0,11,519,605.8,429.3,214.0,125.1,Chelsea,Midfielder,Jorge Luiz Frello Filho
0,5.2,2.3,0.1,14,6042,13311,174,1,0,1,2,0,0,0,0,0,0,1,43,61.4,117.7,87.0,26.7,Chelsea,Midfielder,Ross Barkley
1,4.9,3.0,1.7,76,1219878,1188368,1552,2,5,8,11,0,0,0,4,0,0,7,348,409.6,407.4,198.0,101.5,Chelsea,Midfielder,Mateo Kovacic
3,6.1,4.4,18.8,150,4451212,3653421,3035,3,3,15,27,0,0,0,9,0,0,10,661,608.8,262.6,484.0,135.5,Chelsea,Defender,Antonio Rüdiger
0,4.5,4.8,0.3,19,66332,74017,360,0,0,2,2,0,0,0,0,0,11,1,89,95.6,0.0,0.0,9.6,Chelsea,Goalkeeper,Kepa Arrizabalaga
0,4.9,3.0,2.4,79,427754,637223,1769,2,5,9,19,0,0,0,2,0,0,2,377,455.6,414.3,223.0,109.3,Chelsea,Midfielder,N'Golo Kanté
1,7.3,3.4,0.8,79,259632,257610,1311,4,3,7,12,0,0,0,3,0,0,9,281,365.2,458.6,504.0,132.6,Chelsea,Midfielder,Hakim Ziyech
0,5.4,2.2,0.2,52,41936,39284,1384,0,3,5,21,0,0,0,1,0,0,1,251,282.8,291.1,218.0,79.2,Chelsea,Midfielder,Ruben Loftus-Cheek
0,4.6,3.6,1.4,69,576277,592957,1494,0,0,9,11,0,0,0,2,0,0,3,343,296.4,103.4,20.0,42.0,Chelsea,Defender,Andreas Christensen
1,8.5,3.0,2.3,62,614163,829893,1278,4,2,5,17,0,0,0,1,0,0,5,175,207.6,153.1,773.0,112.7,Chelsea,Forward,Timo Werner
2,5.6,7.9,3.0,55,1606235,2373769,541,3,1,4,2,0,0,0,0,0,0,5,161,175.8,161.1,202.0,54.0,Chelsea,Defender,Benjamin Chilwell
0,7.9,3.5,0.7,77,152141,232464,1282,6,2,6,10,0,0,0,2,0,0,2,206,317.6,223.9,434.0,97.5,Chelsea,Midfielder,Christian Pulisic
5,7.7,5.3,21.9,169,5186908,4986661,2358,11,11,11,25,0,0,0,4,0,0,16,597,823.8,944.9,995.0,276.3,Chelsea,Midfielder,Mason Mount
0,5.3,3.3,0.2,49,164455,170356,958,1,4,6,8,0,0,0,1,0,0,1,163,175.4,326.9,326.0,82.7,Chelsea,Midfielder,Callum Hudson-Odoi
1,7.9,3.9,5.8,112,1767599,2224577,1802,8,4,10,18,0,0,0,3,0,0,5,271,461.2,329.5,939.0,171.9,Chelsea,Midfielder,Kai Havertz
5,6.5,5.4,19.1,141,5506522,4598122,1863,5,9,7,22,1,0,0,4,1,0,26,573,605.2,733.4,440.0,178.0,Chelsea,Defender,Reece James
0,6.1,3.8,11.4,130,1622939,1775936,3060,0,0,14,31,0,0,0,3,0,73,3,573,585.8,0.0,0.0,58.2,Chelsea,Goalkeeper,Edouard Mendy
0,4.9,3.8,0.2,30,23131,21753,544,0,0,4,7,0,0,0,2,0,0,4,141,118.4,60.4,1.0,17.9,Chelsea,Defender,Malang Sarr
3,4.7,5.0,2.4,99,965891,911068,1447,3,1,9,9,0,0,0,2,0,0,11,396,405.8,105.8,151.0,66.1,Chelsea,Defender,Trevoh Chalobah
2,11.4,3.3,7.7,87,4049347,4443263,1583,8,1,7,14,0,0,0,1,0,0,12,310,367.0,303.3,704.0,137.2,Chelsea,Forward,Romelu Lukaku
0,4.5,1.0,0.0,1,868,2241,4,0,0,0,0,0,0,0,0,0,0,0,3,0.0,0.1,2.0,0.2,Chelsea,Defender,Emerson Palmieri dos Santos
0,4.9,1.6,0.1,16,40477,40451,478,0,1,1,6,0,0,0,1,0,0,0,68,89.6,66.0,60.0,21.5,Chelsea,Midfielder,Saúl Ñíguez
0,4.5,4.0,0.0,4,1089,764,58,0,1,0,0,0,0,0,0,0,0,0,19,30.6,25.0,24.0,8.0,Chelsea,Defender,Robert Kenedy Nunes do Nascimento
4,6.0,4.1,11.2,140,4656284,3852922,2843,8,6,11,38,0,0,0,10,0,0,16,469,673.8,635.9,672.0,197.9,Crystal Palace,Midfielder,Conor Gallagher
1,4.6,4.0,5.6,119,923128,875081,2655,0,0,11,33,0,0,0,2,0,83,11,567,614.6,0.0,0.0,61.4,Crystal Palace,Goalkeeper,Vicente Guaita
1,4.3,2.1,0.1,17,20816,25185,545,1,0,0,11,0,0,0,2,0,0,2,97,140.4,22.0,88.0,25.1,Crystal Palace,Defender,James Tomkins
0,4.3,2.6,1.1,54,567449,536483,1434,0,4,5,15,0,0,0,4,0,0,5,288,324.2,256.6,120.0,70.0,Crystal Palace,Midfielder,James McArthur
1,5.9,2.3,1.2,58,504738,547559,1132,4,1,4,20,0,0,0,3,0,0,6,173,250.2,176.7,523.0,94.3,Crystal Palace,Forward,Christian Benteke
0,4.5,2.9,0.6,77,103114,108826,1970,0,1,8,28,0,0,0,3,0,0,5,395,315.0,85.8,41.0,44.3,Crystal Palace,Defender,Cheikhou Kouyaté
0,5.2,1.3,0.0,19,3745,10512,767,0,0,1,16,1,0,0,1,0,0,0,118,88.6,196.6,38.0,32.3,Crystal Palace,Midfielder,Luka Milivojevic
0,5.8,2.5,1.0,77,374485,362841,2012,3,4,9,31,0,0,0,2,0,0,3,281,349.2,361.3,491.0,120.1,Crystal Palace,Forward,Jordan Ayew
2,6.9,4.5,8.5,150,1716571,1569368,2759,14,2,11,34,0,0,2,4,1,0,11,422,777.2,660.5,1001.0,243.8,Crystal Palace,Midfielder,Wilfried Zaha
1,5.4,2.7,0.1,86,14062,14874,1840,4,2,8,19,0,0,0,1,0,0,2,297,412.0,249.8,486.0,114.9,Crystal Palace,Midfielder,Jeffrey Schlupp
1,4.4,3.3,0.4,30,153287,159107,765,0,0,1,13,0,1,0,0,0,17,3,132,155.0,0.0,0.0,15.7,Crystal Palace,Goalkeeper,Jack Butland
0,4.7,1.3,0.0,4,2519,4531,116,0,0,0,5,0,0,0,0,0,0,0,16,11.2,27.5,2.0,4.0,Crystal Palace,Midfielder,Jairo Riedewald
0,5.3,2.8,2.7,61,462031,229762,1138,5,1,5,14,0,0,0,2,0,0,6,182,253.6,112.8,568.0,93.4,Crystal Palace,Forward,Jean-Philippe Mateta
0,5.9,2.4,0.1,31,134473,127765,599,1,1,3,8,0,0,0,1,0,0,2,125,120.0,175.3,135.0,43.2,Crystal Palace,Midfielder,Eberechi Eze
0,4.5,1.0,0.0,1,1502,1579,8,0,0,0,0,0,0,0,0,0,0,0,3,0.2,0.0,0.0,0.0,Crystal Palace,Defender,Nathan Ferguson
1,4.5,3.0,1.4,109,326055,262305,3101,0,2,10,43,0,0,0,1,0,0,6,561,619.2,380.5,111.0,111.1,Crystal Palace,Defender,Tyrick Mitchell
0,4.7,2.1,0.1,34,14877,16697,1050,0,2,4,16,0,0,0,6,0,0,2,164,159.0,143.0,60.0,36.3,Crystal Palace,Midfielder,Will Hughes
0,5.3,2.8,0.2,73,124120,112450,1127,2,6,4,14,0,0,0,4,0,0,8,287,308.2,389.0,269.0,96.5,Crystal Palace,Midfielder,Michael Olise
0,4.5,2.6,0.2,73,34993,40709,2486,0,0,9,37,0,0,0,8,0,0,2,422,455.8,132.5,64.0,65.4,Crystal Palace,Defender,Joel Ward
0,4.5,3.4,2.0,123,416457,276706,3222,2,1,11,43,0,0,0,4,0,0,8,676,720.6,98.5,290.0,111.1,Crystal Palace,Defender,Marc Guéhi
2,4.7,3.6,2.7,124,352240,152589,2914,0,4,12,37,1,0,0,4,0,0,14,619,630.6,234.0,142.0,100.7,Crystal Palace,Defender,Joachim Andersen
0,4.3,3.7,0.8,59,89474,26161,1351,0,1,6,12,0,0,0,1,0,0,4,264,181.0,99.1,17.0,29.9,Crystal Palace,Defender,Nathaniel Clyne
0,4.4,2.0,0.0,4,3832,3709,79,0,0,1,0,0,0,0,0,0,0,0,7,1.0,6.1,2.0,0.8,Crystal Palace,Midfielder,Jesurun Rak-Sakyi
2,6.0,3.1,2.9,87,1672653,1469963,1554,6,4,9,19,0,0,0,4,0,0,9,280,389.8,265.7,618.0,127.6,Crystal Palace,Forward,Odsonne Edouard
0,5.6,2.0,0.3,22,83955,162874,392,1,1,1,8,0,0,0,2,0,0,1,61,74.6,85.2,85.0,24.4,Everton,Midfielder,Anwar El Ghazi
0,4.2,1.6,1.3,18,244824,156991,660,0,0,3,6,0,0,0,2,0,0,0,118,115.6,58.4,16.0,19.0,Everton,Midfielder,Fabian Delph
2,4.9,2.6,1.0,79,215011,189438,2656,1,1,7,50,1,0,0,4,0,0,6,439,469.4,232.1,170.0,86.9,Everton,Defender,Seamus Coleman
3,4.6,3.2,2.7,102,670104,685603,2791,3,2,8,54,2,0,0,2,1,0,11,518,697.0,97.0,231.0,102.7,Everton,Defender,Michael Keane
1,4.8,3.3,6.3,116,721786,767080,3150,0,0,7,58,0,0,0,2,0,117,12,624,863.2,43.0,0.0,90.5,Everton,Goalkeeper,Jordan Pickford
0,4.3,2.1,2.9,58,1077267,1008066,2181,0,3,6,38,0,0,0,7,1,0,2,313,391.4,228.4,82.0,70.4,Everton,Midfielder,Allan Marques Loureiro
0,4.9,1.3,0.1,18,8975,17572,614,0,1,0,19,0,0,0,3,0,0,0,47,84.0,85.2,136.0,30.6,Everton,Midfielder,André Filipe Tavares Gomes
1,5.3,3.0,1.2,90,846803,854757,2536,2,5,5,47,0,0,0,6,0,0,8,387,481.8,285.8,441.0,121.1,Everton,Midfielder,Abdoulaye Doucouré
0,5.8,2.8,0.3,78,39361,40693,2029,2,2,6,38,0,0,0,1,0,0,6,312,370.0,501.4,357.0,122.7,Everton,Midfielder,Alex Iwobi
0,4.9,1.8,0.3,24,36513,72493,844,0,0,2,10,0,0,0,3,0,0,0,133,164.8,18.2,66.0,24.6,Everton,Defender,Yerry Mina
0,4.8,2.0,0.1,12,6411,11623,230,1,0,0,9,0,0,0,1,0,0,0,44,61.6,8.6,90.0,16.1,Everton,Midfielder,Tom Davies
1,7.7,3.8,3.0,64,1469276,2119738,1281,5,2,3,31,0,0,1,2,0,0,10,207,255.8,144.7,448.0,84.7,Everton,Forward,Dominic Calvert-Lewin
0,4.2,2.5,1.6,62,217790,146613,2133,2,2,5,42,1,0,0,7,1,0,2,312,431.2,42.1,120.0,59.3,Everton,Defender,Mason Holgate
0,4.7,2.0,0.4,45,47500,99414,2029,0,0,4,39,0,0,0,6,0,0,1,318,416.0,164.6,222.0,80.5,Everton,Defender,Ben Godfrey
2,7.6,4.2,12.3,125,2445134,2330597,2522,10,6,7,46,0,0,0,9,0,0,19,413,651.4,383.7,1010.0,203.9,Everton,Forward,Richarlison de Andrade
0,5.7,2.1,0.3,31,109639,107111,550,2,0,2,14,0,0,0,1,0,0,1,119,156.8,77.6,118.0,35.3,Everton,Midfielder,Donny van de Beek
0,6.2,1.7,1.0,35,385004,459063,985,1,0,3,23,0,0,0,4,0,0,1,103,189.2,142.6,129.0,46.1,Everton,Midfielder,Bamidele Alli
0,4.0,4.3,2.3,13,230872,224279,270,0,0,1,8,0,0,0,0,0,11,3,61,81.8,0.0,0.0,8.2,Everton,Goalkeeper,Asmir Begović
3,5.2,3.1,2.1,66,1531076,1495235,1452,3,2,3,30,0,0,0,3,0,0,8,252,351.6,468.9,221.0,103.9,Everton,Midfielder,Andros Townsend
0,5.4,3.1,5.2,106,3188458,2920714,2336,5,5,6,39,0,0,0,3,0,0,3,397,486.2,644.2,758.0,189.0,Everton,Midfielder,Demarai Gray
0,4.3,1.4,0.1,21,11276,13335,1015,0,1,1,24,0,0,0,1,1,0,0,147,164.6,175.4,44.0,38.5,Everton,Defender,Jonjoe Kenny
2,4.7,2.9,5.7,100,874372,366043,2277,4,3,7,40,0,0,0,4,0,0,9,325,460.4,523.0,632.0,161.6,Everton,Midfielder,Anthony Gordon
0,4.4,1.0,0.0,3,3330,4784,65,0,0,0,2,0,0,0,0,0,0,0,10,7.0,0.6,0.0,0.8,Everton,Midfielder,Jean-Philippe Gbamin
0,4.0,1.2,0.3,7,56637,47223,387,1,0,0,17,0,0,0,0,1,0,1,49,90.2,2.8,44.0,13.8,Everton,Defender,Jarrad Branthwaite
0,6.0,1.0,0.0,1,2460,3301,1,0,0,0,0,0,0,0,0,0,0,0,2,0.0,0.0,0.0,0.0,Everton,Forward,Moise Kean
0,6.0,1.5,0.2,30,78947,72780,779,1,1,2,16,0,0,0,2,1,0,2,73,94.2,108.9,339.0,53.8,Everton,Forward,Salomón Rondón
0,4.5,2.0,0.2,2,69799,59138,61,0,0,1,0,0,0,0,0,0,0,0,6,6.4,0.4,0.0,0.7,Everton,Forward,Ellis Simms
0,4.5,0.7,0.9,2,183641,111602,30,0,0,0,1,0,0,0,1,0,0,0,6,2.4,0.9,4.0,0.8,Everton,Forward,Lewis Dobbin
0,5.0,1.0,0.1,1,133649,127224,5,0,0,0,0,0,0,0,0,0,0,0,3,0.0,0.1,0.0,0.0,Everton,Forward,Cenk Tosun
0,4.5,1.0,0.0,3,774,571,27,0,0,0,0,0,0,0,0,0,0,0,8,1.2,0.0,18.0,1.9,Everton,Midfielder,Tyler Onyango
1,4.9,3.2,1.2,42,140613,32986,1054,1,1,3,17,0,0,0,0,0,0,3,177,187.4,138.8,66.0,39.4,Everton,Defender,Vitalii Mykolenko
0,4.5,1.0,0.0,1,140,78,13,0,0,0,1,0,0,0,0,0,0,0,-2,0.0,0.1,8.0,0.6,Everton,Midfielder,Isaac Price
1,5.0,3.5,18.2,131,1689605,1590494,3330,0,0,7,58,0,2,0,1,0,131,12,706,1076.6,11.2,0.0,109.1,Leicester,Goalkeeper,Kasper Schmeichel
0,5.4,2.2,0.3,39,51588,46628,1346,1,1,2,23,0,0,0,3,0,0,0,257,355.6,57.6,75.0,48.8,Leicester,Defender,Jonny Evans
0,5.2,2.4,0.1,40,22550,32878,1127,1,2,2,24,0,0,0,3,0,0,2,169,236.2,208.6,51.0,49.7,Leicester,Midfielder,Marc Albrighton
0,4.3,1.7,1.1,24,349723,315419,1032,0,0,2,15,0,0,0,3,0,0,0,147,88.2,44.2,7.0,14.0,Leicester,Midfielder,Nampalys Mendy
0,4.0,3.0,3.4,3,242631,267764,90,0,0,0,1,0,0,0,0,0,4,0,17,32.4,0.0,0.0,3.2,Leicester,Goalkeeper,Danny Ward
5,10.3,5.3,12.0,133,3896763,4286672,1801,15,3,4,27,1,0,0,2,0,0,24,480,599.8,229.5,775.0,159.6,Leicester,Forward,Jamie Vardy
1,5.2,2.5,1.5,35,371139,552145,990,1,3,1,20,0,0,0,3,0,0,3,202,274.8,139.6,122.0,53.7,Leicester,Defender,Ricardo Domingos Barbosa Pereira
1,4.0,2.0,10.9,55,1612752,1842053,2118,0,0,5,40,0,0,0,4,0,0,4,422,460.4,69.4,20.0,54.9,Leicester,Defender,Daniel Amartey
1,5.3,2.8,1.5,75,257794,214033,2124,1,0,6,30,0,0,0,1,0,0,6,365,435.4,241.0,103.0,78.1,Leicester,Defender,Timothy Castagne
2,6.4,3.8,3.5,120,1004798,1194917,2629,6,4,6,42,0,0,0,3,0,0,14,532,723.8,578.9,460.0,175.8,Leicester,Midfielder,Youri Tielemans
1,5.7,2.5,0.1,35,12230,29532,438,2,3,1,15,0,0,0,0,1,0,2,101,172.4,139.7,180.0,48.7,Leicester,Midfielder,Ayoze Pérez
6,6.9,5.2,16.3,181,3524725,2992096,2454,12,11,5,41,0,0,0,3,0,0,24,637,827.4,706.2,770.0,230.2,Leicester,Midfielder,James Maddison
1,7.0,3.1,3.2,80,754762,1479174,1253,4,6,1,25,0,0,0,1,0,0,10,246,292.0,242.7,390.0,92.2,Leicester,Forward,Kelechi Iheanacho
0,4.4,1.3,0.1,8,12649,16855,284,0,0,1,4,0,0,0,1,0,0,0,41,43.0,2.8,6.0,5.3,Leicester,Midfielder,Hamza Choudhury
2,6.5,4.3,4.2,137,714022,1313969,2095,6,12,8,30,0,0,0,2,0,0,10,377,546.2,425.3,1000.0,196.8,Leicester,Midfielder,Harvey Barnes
0,4.8,2.2,0.8,41,84320,169256,1617,0,1,5,26,0,0,0,4,0,0,0,240,322.0,66.0,179.0,57.0,Leicester,Midfielder,Wilfred Ndidi
0,4.9,2.4,2.1,66,279122,357812,2497,1,0,5,44,0,0,0,5,0,0,6,454,606.4,64.7,90.0,76.2,Leicester,Defender,Çaglar Söyüncü
0,4.9,2.2,0.6,29,106032,54467,996,0,0,2,13,0,0,0,0,0,0,1,167,190.0,136.2,97.0,42.5,Leicester,Defender,James Justin
0,4.3,2.3,0.8,50,225090,211437,1911,0,1,5,35,0,0,0,2,0,0,1,349,406.2,198.5,59.0,66.6,Leicester,Defender,Luke Thomas
0,4.3,2.4,0.9,17,85806,70508,630,0,0,1,7,0,0,0,2,0,0,2,112,131.4,30.1,32.0,19.4,Leicester,Defender,Wesley Fofana
0,4.7,1.1,0.4,11,61714,143303,563,0,0,1,16,0,0,0,2,0,0,0,115,159.2,15.2,15.0,19.0,Leicester,Defender,Jannik Vestergaard
1,7.0,3.0,1.4,70,490710,507841,1152,5,3,3,20,0,0,0,2,0,0,8,216,287.8,166.2,460.0,90.9,Leicester,Forward,Patson Daka
0,4.8,1.9,0.1,36,17237,21631,1095,0,1,2,27,0,0,0,0,0,0,1,153,142.6,98.6,40.0,28.1,Leicester,Midfielder,Boubakary Soumaré
0,4.6,1.0,0.3,4,19475,149828,337,0,0,0,7,0,0,0,1,0,0,0,32,48.0,14.8,8.0,7.2,Leicester,Defender,Ryan Bertrand
1,4.4,2.5,1.6,70,243474,105914,2101,1,2,8,27,0,0,0,4,0,0,4,337,377.6,505.6,221.0,110.6,Leicester,Midfielder,Kiernan Dewsbury-Hall
0,5.9,2.9,0.3,76,256237,230015,1446,6,0,2,31,0,0,0,2,0,0,6,225,363.0,303.7,518.0,118.3,Leicester,Midfielder,Ademola Lookman
0,4.5,1.0,0.0,1,993,687,23,0,0,0,1,0,0,0,0,0,0,0,2,2.0,1.5,2.0,0.6,Leicester,Midfielder,Lewis Brunt
0,4.5,1.0,0.0,1,227,210,2,0,0,0,0,0,0,0,0,0,0,0,3,0.0,0.0,0.0,0.0,Leicester,Midfielder,Kasey McAteer
1,4.4,2.9,0.3,60,69830,82615,1814,0,2,5,26,0,0,0,5,0,0,5,352,413.4,53.4,65.0,53.4,Leeds,Defender,Liam Cooper
1,4.3,2.1,2.8,55,649596,1319455,2272,2,3,2,66,0,0,0,4,1,0,8,405,603.2,186.5,238.0,102.5,Leeds,Defender,Luke Ayling
1,5.1,1.8,0.3,61,93057,117004,2071,1,2,1,52,0,0,0,5,0,0,4,277,340.4,434.6,484.0,125.6,Leeds,Midfielder,Mateusz Klich
0,6.3,2.7,2.1,85,495107,477540,2263,6,2,5,37,0,0,0,9,0,0,11,351,430.2,558.3,602.0,159.0,Leeds,Forward,Rodrigo Moreno
0,4.9,2.4,2.7,80,301722,1184311,2920,1,1,5,66,0,0,0,5,0,0,6,473,615.8,509.6,288.0,141.8,Leeds,Midfielder,Stuart Dallas
0,7.7,3.1,2.8,28,905040,2047850,557,2,2,0,14,0,0,0,2,0,0,2,90,125.8,69.0,289.0,47.9,Leeds,Forward,Patrick Bamford
1,4.5,2.8,0.4,77,116867,104656,2341,3,0,5,44,0,0,0,7,0,0,6,432,521.8,40.1,142.0,70.7,Leeds,Defender,Diego Llorente
0,4.7,1.9,0.9,39,105200,233154,1594,0,1,3,25,0,0,0,4,0,0,1,209,270.8,151.0,99.0,52.4,Leeds,Midfielder,Kalvin Phillips
0,5.4,1.0,0.0,1,1668,15103,21,0,0,0,0,0,0,0,0,0,0,0,1,0.0,0.4,1.0,0.0,Leeds,Midfielder,Hélder Wander Sousa de Azevedo e Costa
0,4.8,1.5,0.1,34,22162,24559,976,1,1,1,26,0,0,0,5,0,0,1,105,160.4,189.8,296.0,64.9,Leeds,Midfielder,Tyler Roberts
0,4.3,1.1,0.1,23,138028,151750,1572,0,0,1,40,0,0,0,3,0,0,0,186,201.2,70.3,121.0,39.5,Leeds,Defender,Robin Koch
0,6.3,4.1,11.6,145,3973218,4412647,2916,11,4,5,68,0,0,0,7,0,0,14,457,770.8,928.6,915.0,261.6,Leeds,Midfielder,Raphael Dias Belloli
0,4.4,1.4,0.1,19,22039,23850,704,0,1,1,14,0,0,0,4,0,0,0,94,126.6,29.0,62.0,21.9,Leeds,Midfielder,Jamie Shackleton
0,4.3,1.2,0.2,35,17855,38945,2050,1,1,1,53,0,0,0,6,1,0,0,339,481.0,134.8,191.0,80.8,Leeds,Defender,Pascal Struijk
2,4.8,2.8,2.0,106,219982,370776,3384,0,0,5,79,0,0,0,2,0,143,8,713,1090.6,0.0,0.0,108.9,Leeds,Goalkeeper,Illan Meslier
2,5.5,3.3,1.5,117,323438,545835,2638,8,1,3,68,0,0,0,3,0,0,12,408,614.6,591.8,687.0,188.5,Leeds,Midfielder,Jack Harrison
1,6.0,2.7,0.5,91,243740,231535,2489,4,5,5,51,0,0,0,7,1,0,2,221,336.4,348.1,810.0,148.1,Leeds,Midfielder,Daniel James
0,4.7,0.9,0.3,22,30822,81097,1709,0,2,1,49,1,0,0,11,0,0,4,219,320.4,289.4,142.0,75.1,Leeds,Defender,Héctor Junior Firpo Adames
0,4.3,2.0,0.1,2,7453,12765,35,0,0,0,0,0,0,0,0,0,4,0,12,25.4,0.0,0.0,2.5,Leeds,Goalkeeper,Kristoffer Klaesson
0,4.6,2.1,3.1,15,580620,393884,231,0,2,0,5,0,0,0,0,0,0,0,54,51.6,49.4,39.0,13.9,Leeds,Forward,Sam Greenwood
0,4.5,1.0,0.0,6,8731,8090,126,0,0,0,1,0,0,0,0,0,0,0,20,18.6,32.0,36.0,8.6,Leeds,Midfielder,Crysencio Summerville
0,4.5,1.7,0.1,38,140297,137134,1526,0,1,2,41,0,0,0,5,0,0,0,204,217.2,195.3,119.0,53.3,Leeds,Midfielder,Adam Forshaw
0,3.9,0.0,0.1,0,8911,9306,126,0,0,0,6,0,0,0,1,0,0,0,14,20.0,16.5,4.0,4.0,Leeds,Defender,Cody Drameh
0,4.0,0.8,0.3,4,64701,52895,140,0,0,0,4,0,0,0,1,0,0,0,19,29.2,0.6,4.0,3.3,Leeds,Defender,Charlie Cresswell
0,4.4,1.0,0.0,1,1846,1749,9,0,0,0,1,0,0,0,0,0,0,0,3,0.0,0.0,0.0,0.0,Leeds,Midfielder,Liam McCarron
0,4.7,2.1,4.1,43,933525,585313,733,2,4,1,25,0,0,0,4,0,0,3,129,148.0,117.0,412.0,67.2,Leeds,Forward,Joe Gelhardt
0,4.3,1.0,0.3,1,79285,58451,3,0,0,0,0,0,0,0,0,0,0,0,3,0.0,0.1,0.0,0.0,Leeds,Midfielder,Stuart McKinstry
0,4.0,1.0,0.0,2,3512,3392,148,0,0,0,5,0,0,0,0,0,0,0,29,45.6,12.8,2.0,6.1,Leeds,Defender,Leo Fuhr Hjelde
0,4.5,1.0,0.0,3,131523,129093,145,0,0,0,4,0,0,0,0,0,0,0,4,5.4,2.8,1.0,0.8,Leeds,Midfielder,Lewis Bate
0,4.9,1.6,0.1,38,12265,17677,844,0,1,4,6,0,0,0,2,0,0,1,196,233.2,332.8,78.0,64.5,Liverpool,Midfielder,James Milner
2,4.9,3.1,1.8,110,504006,448376,2592,2,5,15,22,0,0,0,3,0,0,9,507,487.4,659.5,247.0,139.2,Liverpool,Midfielder,Jordan Henderson
4,5.3,5.5,10.1,170,1554279,769424,2790,3,3,17,21,0,0,0,2,0,0,20,763,711.4,195.3,509.0,141.7,Liverpool,Defender,Joel Matip
0,5.3,2.8,0.6,69,105109,149023,1527,1,4,11,7,0,0,0,2,0,0,3,338,420.0,426.2,283.0,113.3,Liverpool,Midfielder,Thiago Alcántara do Nascimento
0,5.8,2.5,0.2,42,35389,34786,777,2,1,3,7,0,0,0,0,0,0,2,148,162.8,170.0,208.0,54.0,Liverpool,Midfielder,Alex Oxlade-Chamberlain
1,8.7,3.1,2.4,62,764471,1121151,980,5,4,5,9,0,0,0,3,0,0,5,270,337.2,248.4,497.0,108.3,Liverpool,Forward,Roberto Firmino
5,6.8,5.4,17.8,183,2203398,2061419,3060,3,3,21,21,0,0,0,3,0,0,13,803,726.4,150.3,455.0,133.1,Liverpool,Defender,Virgil van Dijk
3,11.8,5.4,4.8,183,1111702,1077273,2818,16,5,17,24,0,0,0,5,0,0,10,526,814.4,640.8,1585.0,303.9,Liverpool,Midfielder,Sadio Mané
2,6.1,4.9,9.4,176,1023557,914974,3240,0,1,20,24,1,0,0,0,0,75,15,782,721.4,10.0,0.0,73.1,Liverpool,Goalkeeper,Alisson Ramses Becker
0,5.4,3.3,0.9,97,210957,231852,2311,5,1,15,18,0,0,0,7,0,0,7,438,501.8,282.2,310.0,109.4,Liverpool,Midfielder,Fabio Henrique Tavares
8,13.1,7.6,41.0,265,6539682,7654781,2758,23,14,17,22,0,0,1,1,0,0,29,756,1241.0,875.9,2230.0,434.8,Liverpool,Midfielder,Mohamed Salah
5,7.3,6.4,11.6,186,1938795,1082491,2537,3,11,17,20,0,0,0,5,1,0,23,770,708.2,900.7,372.0,198.3,Liverpool,Defender,Andrew Robertson
0,4.8,3.1,1.4,22,243546,250241,126,3,0,0,0,0,0,0,0,0,0,3,87,104.6,6.6,165.0,27.4,Liverpool,Forward,Divock Origi
0,5.1,2.5,0.1,28,16073,22861,178,3,0,0,1,0,0,0,1,0,0,2,89,117.4,33.8,104.0,25.4,Liverpool,Midfielder,Takumi Minamino
5,8.4,6.5,37.9,208,4467728,3985324,2853,2,12,18,22,0,0,0,2,0,0,32,864,865.2,1449.1,515.0,283.2,Liverpool,Defender,Trent Alexander-Arnold
1,4.7,2.8,0.4,22,23948,65949,330,0,1,2,3,0,0,0,2,0,0,2,92,76.6,64.0,13.0,15.4,Liverpool,Defender,Joseph Gomez
1,5.0,2.8,0.2,65,57073,63205,1169,3,2,8,6,0,0,0,3,0,0,4,262,302.0,243.8,258.0,80.5,Liverpool,Midfielder,Naby Keita
3,8.3,5.0,17.3,175,6551305,6115344,2357,15,7,14,19,0,0,0,3,0,0,8,483,736.8,538.2,1379.0,264.5,Liverpool,Midfielder,Diogo Jota
0,4.3,4.0,0.1,8,15226,18841,180,0,0,1,2,0,0,0,0,0,6,0,52,46.2,0.0,0.0,4.6,Liverpool,Goalkeeper,Caoimhin Kelleher
0,5.1,3.0,1.4,33,131999,265546,990,0,0,4,10,0,0,0,2,0,0,0,208,213.4,21.0,20.0,25.4,Liverpool,Defender,Ibrahima Konaté
0,5.0,2.7,0.1,40,48181,48916,849,1,1,4,9,0,0,0,0,0,0,3,177,156.4,179.7,171.0,50.8,Liverpool,Midfielder,Curtis Jones
0,3.7,3.2,12.4,42,2424331,3166827,874,0,2,4,6,0,0,0,3,0,0,2,202,214.4,401.1,141.0,75.8,Liverpool,Defender,Konstantinos Tsimikas
0,3.8,4.0,0.5,4,76418,115239,7,0,1,0,0,0,0,0,0,0,0,0,17,18.2,11.1,2.0,3.1,Liverpool,Defender,Neco Williams
0,5.3,2.0,0.1,12,42468,49962,344,0,0,2,2,0,0,0,0,0,0,0,52,43.2,133.5,102.0,27.9,Liverpool,Midfielder,Harvey Elliott
0,4.5,0.5,0.0,1,843,751,65,0,0,0,1,0,0,0,1,0,0,0,4,2.8,2.4,0.0,0.6,Liverpool,Midfielder,Tyler Morton
0,4.5,1.0,0.0,1,923,741,8,0,0,0,0,0,0,0,0,0,0,0,-3,4.0,0.6,9.0,1.4,Liverpool,Midfielder,Kaide Gordon
0,8.1,4.9,8.0,64,1048418,321298,957,4,3,6,4,0,0,0,0,0,0,6,227,289.4,288.0,578.0,115.7,Liverpool,Midfielder,Luis Díaz
0,7.5,3.3,7.1,86,1269586,2586079,1910,3,3,15,8,0,0,0,3,0,0,2,359,394.4,730.6,923.0,204.8,Man City,Midfielder,Jack Grealish
0,5.4,4.2,4.7,85,848250,1034399,1755,0,2,10,14,0,0,0,1,0,0,5,403,274.2,247.8,110.0,63.2,Man City,Defender,Kyle Walker
2,7.1,4.6,2.6,124,735419,1198893,1851,8,5,14,10,0,0,0,1,0,0,10,488,549.2,613.8,798.0,196.3,Man City,Midfielder,Ilkay Gündogan
4,12.1,6.5,18.6,196,3527855,2123075,2196,15,8,13,22,0,0,0,2,0,0,33,732,1005.8,1222.0,880.0,311.0,Man City,Midfielder,Kevin De Bruyne
1,5.2,5.0,2.6,70,196310,848990,1117,1,0,9,6,0,0,0,0,0,0,4,290,219.8,79.7,145.0,44.4,Man City,Defender,John Stones
0,5.2,3.0,0.3,3,18818,76227,78,0,0,0,1,0,0,0,0,0,0,1,22,15.2,29.1,2.0,4.6,Man City,Defender,Benjamin Mendy
3,8.6,4.8,4.0,135,1106374,1441796,1485,11,7,7,14,0,0,1,0,0,0,12,477,616.8,631.6,842.0,208.7,Man City,Midfielder,Riyad Mahrez
5,10.5,5.4,2.6,163,785692,834017,2121,13,7,13,17,0,0,1,1,0,0,15,468,730.8,613.2,1188.0,253.4,Man City,Midfielder,Raheem Sterling
6,7.2,5.6,41.4,201,5714818,2892649,3227,1,11,19,25,0,0,0,7,0,0,27,829,796.0,786.9,851.0,243.6,Man City,Defender,João Pedro Cavaco Cancelo
0,6.2,4.2,12.1,155,1212851,1092177,3330,0,0,20,26,0,0,0,3,0,60,4,701,561.2,0.0,0.0,56.1,Man City,Goalkeeper,Ederson Santana de Moraes
0,4.7,3.9,0.5,54,74111,79916,919,2,0,5,3,0,0,0,0,0,0,0,234,245.0,58.9,75.0,37.9,Man City,Defender,Nathan Aké
2,6.0,4.8,11.0,160,2202388,1487557,2830,4,2,18,24,0,0,0,5,1,0,8,714,660.0,201.0,348.0,120.7,Man City,Defender,Aymeric Laporte
0,4.4,7.0,0.2,7,16828,27499,90,0,0,1,0,0,0,0,0,0,2,1,29,23.0,0.0,0.0,2.3,Man City,Goalkeeper,Zack Steffen
3,7.0,4.4,14.0,155,4431646,3450935,2856,8,8,16,23,0,0,0,6,0,0,15,663,739.4,876.1,958.0,257.9,Man City,Midfielder,Bernardo Mota Veiga de Carvalho e Silva
2,6.2,4.9,15.5,141,2625667,3554820,2401,2,5,14,18,0,0,0,5,0,0,12,622,581.2,225.2,268.0,107.6,Man City,Defender,Rúben Santos Gato Alves Dias
3,8.6,4.3,10.2,120,2985403,2505302,1871,8,8,11,15,0,0,0,1,0,0,16,488,567.4,530.9,1126.0,222.3,Man City,Forward,Gabriel Fernando de Jesus
1,5.3,3.9,1.5,59,181672,187644,1044,0,4,5,9,0,0,0,0,0,0,4,284,259.4,282.1,111.0,65.4,Man City,Defender,Oleksandr Zinchenko
3,7.9,4.9,7.6,137,2916929,2470123,2125,9,6,13,16,0,0,0,1,0,0,11,483,580.8,716.4,954.0,225.5,Man City,Midfielder,Phil Foden
0,5.5,3.8,1.9,127,327824,228706,2884,7,2,17,22,0,0,0,5,0,0,9,618,758.2,541.4,444.0,174.8,Man City,Midfielder,Rodrigo Hernandez
1,6.7,6.5,1.9,26,1732247,1836096,303,2,1,3,1,0,0,0,0,0,0,2,65,88.6,30.0,204.0,32.3,Man City,Midfielder,Ferran Torres
0,4.7,2.4,0.3,45,46459,62805,956,2,1,3,12,0,0,0,1,0,0,2,209,224.8,177.2,154.0,55.7,Man City,Midfielder,Fernando Luiz Rosa
0,4.5,2.2,0.1,9,13640,15165,121,0,1,1,0,0,0,0,0,0,0,0,29,11.0,30.8,60.0,10.2,Man City,Midfielder,Cole Palmer
0,4.4,1.0,0.0,2,601,511,18,0,0,0,0,0,0,0,0,0,0,0,3,0.0,0.2,0.0,0.0,Man City,Midfielder,James McAtee
0,4.0,1.0,0.0,1,867,643,3,0,0,0,0,0,0,0,0,0,0,0,5,2.2,0.0,0.0,0.2,Man City,Defender,Conrad Egan-Riley
0,5.0,1.0,0.0,1,24621,23440,6,0,0,0,0,0,0,0,0,0,0,0,2,0.0,0.3,0.0,0.0,Man City,Forward,Kayky da Silva Chagas
0,4.5,1.0,0.2,1,46509,26926,8,0,0,0,0,0,0,0,0,0,0,0,2,0.0,0.0,2.0,0.1,Man City,Forward,Liam Delap
0,8.4,2.3,1.6,34,171076,630082,760,2,1,1,10,0,0,0,0,0,0,2,105,115.0,98.3,304.0,51.9,Man Utd,Forward,Edinson Cavani
2,5.0,3.5,8.5,132,1953005,1648388,3420,0,0,8,57,0,2,0,0,0,127,7,667,965.8,0.3,0.0,96.1,Man Utd,Goalkeeper,David de Gea
1,4.3,2.3,0.5,52,90149,82011,1375,0,4,2,26,0,0,0,3,0,0,3,271,302.6,216.9,45.0,56.5,Man Utd,Midfielder,Nemanja Matic
1,7.4,3.2,6.3,65,2197757,2527837,1347,1,9,2,22,0,0,0,7,1,0,6,254,332.6,355.1,328.0,101.4,Man Utd,Midfielder,Paul Pogba
0,5.4,2.3,4.3,69,383176,1048532,2513,1,0,7,43,1,0,0,7,1,0,4,451,571.0,77.2,316.0,96.5,Man Utd,Defender,Harry Maguire
1,4.9,3.3,0.8,93,382905,373780,2026,4,5,7,31,1,0,0,5,0,0,8,426,587.4,409.1,201.0,119.8,Man Utd,Midfielder,Frederico Rodrigues de Paula Santos
0,5.0,2.3,10.8,46,918566,4223398,1600,0,3,3,24,0,0,0,8,0,0,3,276,292.0,586.1,54.0,93.3,Man Utd,Defender,Luke Shaw
0,6.7,1.8,0.9,29,61585,155617,354,2,0,0,13,0,0,0,1,0,0,1,105,115.8,109.5,102.0,32.7,Man Utd,Midfielder,Jesse Lingard
2,11.6,4.2,13.5,151,2639954,5596231,3110,10,7,8,54,0,0,2,10,0,0,15,626,906.6,1291.9,910.0,311.2,Man Utd,Midfielder,Bruno Miguel Borges Fernandes
0,7.6,1.8,0.5,14,30481,149213,207,1,0,0,3,0,0,0,0,0,0,2,40,40.4,17.5,91.0,14.6,Man Utd,Forward,Anthony Martial
1,4.9,3.2,0.8,67,289026,232278,1658,0,4,5,26,0,0,0,1,0,0,6,345,399.6,455.6,103.0,95.9,Man Utd,Defender,Alex Nicolao Telles
0,9.4,2.5,0.6,63,315201,312857,1224,4,2,2,28,0,0,0,2,0,0,0,171,233.8,155.4,406.0,79.4,Man Utd,Midfielder,Marcus Rashford
0,4.4,1.6,0.3,14,23217,63204,505,0,0,1,10,0,0,0,1,0,0,0,86,71.2,1.1,43.0,11.5,Man Utd,Defender,Axel Tuanzebe
0,4.8,2.4,0.5,66,101886,126059,2353,0,2,6,47,0,0,0,4,0,0,4,471,449.0,76.3,66.0,59.3,Man Utd,Defender,Victor Lindelöf
1,5.4,2.3,0.3,68,93994,120847,2386,1,2,8,37,0,0,0,9,0,0,2,346,478.4,325.1,297.0,110.1,Man Utd,Midfielder,Scott McTominay
0,4.9,0.5,0.1,2,12015,18564,216,0,0,0,4,1,0,0,1,0,0,0,22,36.0,1.0,0.0,3.7,Man Utd,Defender,Eric Bailly
0,5.1,2.0,2.9,41,243548,804541,1793,0,0,3,35,0,0,0,2,0,0,3,329,371.8,237.0,123.0,73.3,Man Utd,Defender,Aaron Wan-Bissaka
2,7.1,3.9,3.9,71,1920676,2372148,1269,5,2,3,18,0,0,0,1,0,0,7,232,292.2,266.1,516.0,107.3,Man Utd,Midfielder,Mason Greenwood
0,4.7,1.4,0.1,10,5875,7969,230,0,0,1,4,0,0,0,0,0,0,0,50,33.8,53.9,57.0,14.5,Man Utd,Midfielder,Juan Mata
1,8.9,3.1,2.1,91,486831,1081917,1894,3,4,6,28,0,0,0,0,0,0,9,362,363.2,596.7,549.0,150.9,Man Utd,Midfielder,Jadon Sancho
0,4.2,2.2,1.4,54,643271,538924,1797,0,0,5,29,0,0,0,4,0,0,5,382,411.0,286.1,126.0,82.2,Man Utd,Defender,José Diogo Dalot Teixeira
0,4.8,2.8,0.8,59,210903,145567,1208,2,3,4,17,0,0,0,0,0,0,2,193,206.2,172.1,303.0,68.2,Man Utd,Midfielder,Anthony Elanga
2,5.5,3.4,2.3,75,703400,689501,1829,1,1,5,22,0,0,0,0,0,0,9,378,402.4,60.0,119.0,58.5,Man Utd,Defender,Raphaël Varane
8,12.2,5.3,18.1,159,7045959,6056855,2454,18,3,8,41,0,0,0,8,0,0,29,608,800.4,421.9,1535.0,274.6,Man Utd,Forward,Cristiano Ronaldo dos Santos Aveiro
0,4.5,1.0,0.0,4,5223,4157,161,0,0,0,3,0,0,0,0,0,0,0,41,53.0,1.6,0.0,5.5,Man Utd,Defender,Phil Jones
0,4.5,0.5,0.0,1,1116,658,67,0,0,0,2,0,0,0,2,0,0,0,-2,4.2,4.4,9.0,1.7,Man Utd,Midfielder,Hannibal Mejbri
0,4.5,1.0,0.0,2,849,306,12,0,0,0,0,0,0,0,0,0,0,0,5,0.0,0.3,0.0,0.0,Man Utd,Midfielder,Alejandro Garnacho Ferreyra
0,4.5,1.0,0.0,1,122,31,15,0,0,0,0,0,0,0,0,0,0,0,3,0.4,0.8,0.0,0.1,Man Utd,Midfielder,Shola Shoretire
0,5.3,2.7,0.8,79,505066,564746,2037,2,3,6,37,0,0,0,0,0,0,3,248,320.4,243.2,449.0,101.3,Newcastle,Midfielder,Joseph Willock
0,4.7,3.1,2.8,101,438959,888670,2871,1,2,9,47,1,0,0,3,0,0,7,530,587.4,635.1,184.0,140.7,Newcastle,Defender,Matt Targett
1,4.4,3.2,1.1,92,309113,213973,2461,1,1,9,30,0,0,0,8,0,0,6,454,594.0,83.8,264.0,94.0,Newcastle,Defender,Dan Burn
0,6.3,2.7,1.8,91,958424,1051175,2694,5,0,6,41,0,0,0,1,0,0,8,228,274.8,265.4,784.0,130.5,Newcastle,Forward,Chris Wood
2,5.3,2.6,0.1,63,37966,41711,1981,2,1,6,30,0,0,0,5,1,0,6,292,320.8,246.7,156.0,72.6,Newcastle,Midfielder,Jonjo Shelvey
0,4.9,1.1,0.2,20,39089,53559,1333,0,2,0,37,0,0,0,5,0,0,0,207,226.0,420.4,92.0,74.0,Newcastle,Defender,Matt Ritchie
0,4.4,1.1,0.1,14,12883,20331,1012,0,1,0,27,0,0,0,2,1,0,1,131,189.2,49.9,95.0,33.1,Newcastle,Defender,Ciaran Clark
0,4.5,2.5,0.3,20,46851,80692,720,0,0,0,15,0,0,0,1,0,24,3,110,157.0,0.0,0.0,15.8,Newcastle,Goalkeeper,Karl Darlow
1,4.4,3.7,2.8,96,461912,230296,2340,0,0,8,35,0,0,0,1,0,73,9,465,590.8,20.0,0.0,61.1,Newcastle,Goalkeeper,Martin Dubravka
1,7.1,4.2,1.5,75,741395,1162192,1386,8,0,3,32,0,0,0,4,0,0,14,220,319.8,127.3,494.0,92.4,Newcastle,Forward,Callum Wilson
0,4.8,2.7,0.0,8,3981,7168,69,1,0,0,3,0,0,0,0,0,0,0,25,38.8,12.1,9.0,6.0,Newcastle,Midfielder,Jeff Hendrick
1,5.1,2.9,0.3,78,247027,238527,1459,2,5,5,23,0,0,0,3,0,0,8,263,250.2,428.1,324.0,99.2,Newcastle,Midfielder,Ryan Fraser
0,4.4,1.8,0.2,47,30871,47254,2055,1,1,3,44,2,0,0,5,0,0,2,284,418.4,46.4,280.0,74.2,Newcastle,Defender,Jamaal Lascelles
0,5.2,0.9,0.2,7,29968,38063,34,0,0,0,0,0,0,0,1,0,0,0,22,4.2,24.2,13.0,4.1,Newcastle,Forward,Dwight Gayle
0,4.5,2.3,0.0,7,3047,3467,197,0,0,1,1,0,0,0,2,0,0,0,28,24.2,1.9,0.0,2.6,Newcastle,Defender,Paul Dummett
0,3.9,2.0,4.6,38,710808,1064924,1258,1,3,1,27,0,0,0,5,0,0,0,206,244.2,65.4,64.0,37.7,Newcastle,Defender,Javier Manquillo
0,4.3,2.9,0.2,58,25337,16461,1636,0,1,6,20,0,0,0,5,0,0,3,262,270.4,102.7,54.0,42.9,Newcastle,Defender,Emil Krafth
0,4.6,1.9,0.4,62,154923,153095,1457,1,4,2,35,0,0,0,4,0,0,0,215,267.8,282.0,281.0,82.8,Newcastle,Midfielder,Jacob Murphy
2,4.1,3.5,2.5,88,711339,507246,2158,2,2,6,32,0,0,0,4,0,0,10,383,465.2,115.9,234.0,81.7,Newcastle,Defender,Fabian Schär
1,4.5,2.0,0.1,28,55543,62328,1000,1,0,0,25,0,0,0,5,0,0,3,124,187.6,33.6,66.0,28.3,Newcastle,Midfielder,Isaac Hayden
0,6.7,3.3,10.9,116,3775491,3405914,2804,5,7,9,54,0,0,0,6,0,0,15,394,575.8,671.5,862.0,211.3,Newcastle,Forward,Allan Saint-Maximin
0,5.0,2.0,0.2,59,47676,71012,1706,1,0,6,32,0,0,0,2,0,0,0,228,227.2,240.9,347.0,81.8,Newcastle,Midfielder,Miguel Almirón
0,4.3,2.0,0.5,48,143490,138008,1458,1,1,2,29,0,0,0,1,0,0,1,206,246.0,116.6,93.0,45.7,Newcastle,Midfielder,Sean Longstaff
1,5.9,2.4,1.7,83,363722,270123,2554,4,2,7,46,0,0,0,8,0,0,7,323,529.6,386.6,583.0,149.5,Newcastle,Forward,Joelinton Cássio Apolinário de Lira
0,4.2,2.0,0.1,10,9556,18396,261,0,0,1,4,0,0,0,1,0,0,0,39,39.4,13.8,2.0,5.6,Newcastle,Defender,Jamal Lewis
0,4.3,1.6,0.1,11,7585,19557,521,0,1,0,12,0,0,0,0,0,0,0,91,129.4,13.8,69.0,21.2,Newcastle,Defender,Federico Fernández
0,4.3,2.2,0.3,9,50848,66315,360,0,0,0,12,0,1,0,0,0,10,0,64,89.4,0.0,0.0,9.0,Newcastle,Goalkeeper,Freddie Woodman
0,4.9,4.7,0.3,28,164110,140033,429,2,0,1,5,0,0,0,0,0,0,3,101,164.8,128.3,14.0,30.8,Newcastle,Defender,Kieran Trippier
3,5.0,3.9,2.8,67,356596,105753,1031,5,1,4,13,0,0,0,4,0,0,11,245,407.6,190.9,323.0,92.3,Newcastle,Midfielder,Bruno Guimarães Rodriguez Moura
0,4.3,2.0,3.0,49,520857,930020,1852,0,1,2,52,0,0,0,2,0,0,1,283,280.2,458.7,134.0,87.2,Norwich,Midfielder,Billy Gilmour
0,3.9,1.4,4.6,36,1020895,840809,2119,0,1,2,52,0,0,0,8,0,0,4,346,371.0,289.3,80.0,74.5,Norwich,Defender,Brandon Williams
3,4.5,3.1,1.4,90,189364,213372,2610,0,0,5,62,1,0,0,1,0,106,11,527,799.8,13.4,0.0,81.4,Norwich,Goalkeeper,Tim Krul
2,6.1,3.8,9.6,142,1980603,1703648,3253,11,3,6,79,0,0,0,4,0,0,19,441,527.6,367.7,1087.0,198.2,Norwich,Forward,Teemu Pukki
0,4.4,1.2,0.2,23,48879,49011,759,0,0,0,16,0,0,0,0,0,0,0,112,89.4,129.6,117.0,33.5,Norwich,Midfielder,Lukas Rupp
0,4.9,2.2,0.1,69,21478,23078,2707,1,0,6,62,0,0,0,3,0,0,0,308,346.6,184.9,355.0,88.8,Norwich,Midfielder,Kenny McLean
0,4.4,2.2,0.2,71,43907,46592,2897,1,0,6,70,0,0,0,2,0,0,4,508,762.8,74.7,226.0,106.5,Norwich,Defender,Grant Hanley
0,4.4,1.3,0.0,20,4027,4887,1023,0,0,2,27,0,0,0,3,0,0,0,163,216.4,58.0,121.0,39.7,Norwich,Defender,Sam Byram
0,5.1,2.2,0.1,41,6646,9047,905,1,1,2,24,0,0,0,0,0,0,1,122,133.8,246.2,80.0,45.7,Norwich,Midfielder,Kieran Dowell
0,4.4,0.0,0.0,0,2924,9001,156,0,0,0,8,0,0,0,0,0,0,0,16,24.8,0.8,11.0,3.7,Norwich,Defender,Christoph Zimmermann
0,5.3,1.2,0.2,10,28054,72538,438,0,0,0,15,0,0,0,2,0,0,0,48,34.4,48.5,20.0,10.3,Norwich,Midfielder,Todd Cantwell
0,4.3,1.6,0.9,55,93800,200122,2879,0,2,4,69,1,0,0,8,0,0,2,413,511.4,318.2,184.0,100.9,Norwich,Defender,Max Aarons
0,4.3,0.9,0.0,9,1545,5374,600,0,0,0,18,0,0,0,0,0,0,0,92,112.2,13.5,88.0,21.5,Norwich,Defender,Jacob Sørensen
0,4.7,1.5,0.0,18,2890,3865,499,0,0,1,12,0,0,0,1,0,0,0,60,61.0,77.2,139.0,27.9,Norwich,Midfielder,Przemyslaw Placheta
0,4.8,2.1,0.5,36,238349,243120,617,1,2,1,11,0,0,0,0,0,0,3,107,120.2,84.0,187.0,38.5,Norwich,Forward,Adam Idah
1,3.9,2.8,2.0,14,484329,477743,381,1,0,0,9,0,0,0,1,0,0,3,74,126.4,5.7,35.0,16.8,Norwich,Defender,Andrew Omobamidele
0,4.0,3.4,1.8,31,199946,164276,810,0,0,1,22,0,1,0,0,0,35,3,177,305.4,0.0,0.0,30.6,Norwich,Goalkeeper,Angus Gunn
0,5.2,2.3,0.1,70,27806,37275,2228,1,2,4,56,0,0,0,0,0,0,0,191,297.4,527.8,460.0,128.7,Norwich,Midfielder,Milot Rashica
0,4.4,1.9,0.1,53,11409,15467,2494,0,0,6,57,0,0,0,3,1,0,0,412,549.8,46.7,139.0,73.8,Norwich,Defender,Ben Gibson
0,4.4,2.2,0.1,39,7104,11591,1165,0,1,4,27,0,0,0,2,0,0,2,241,264.0,137.4,51.0,45.3,Norwich,Defender,Dimitris Giannoulis
0,4.8,2.1,0.1,70,17963,20516,2261,1,2,5,55,0,0,0,5,0,0,1,341,365.0,390.1,243.0,99.6,Norwich,Midfielder,Pierre Lees-Melou
0,3.9,0.0,0.2,0,18099,33073,45,0,0,0,3,0,0,0,0,0,0,0,6,9.6,3.3,0.0,1.3,Norwich,Defender,Bali Mumba
1,5.4,2.3,0.2,60,93315,88832,1566,2,2,4,33,0,0,0,1,0,0,3,205,189.0,166.7,323.0,68.0,Norwich,Forward,Joshua Sargent
0,4.8,1.1,0.0,16,5431,9181,326,0,0,0,9,0,0,0,0,0,0,0,58,38.6,97.0,107.0,24.1,Norwich,Midfielder,Christos Tzolis
0,4.3,1.6,0.0,18,11272,10809,923,0,0,2,25,0,0,0,2,0,0,0,137,166.2,23.9,65.0,25.6,Norwich,Defender,Ozan Kabak
0,4.5,2.3,0.1,52,71877,66620,1643,1,2,4,40,0,0,0,6,0,0,3,206,273.6,209.8,112.0,59.2,Norwich,Midfielder,Mathias Normann
0,4.4,1.2,0.0,16,2267,1760,208,0,1,0,5,0,0,0,0,0,0,0,39,42.0,62.1,48.0,15.2,Norwich,Midfielder,Jonathan Rowe
0,4.5,1.0,0.0,3,467,351,140,0,0,0,6,0,0,0,1,0,0,0,11,14.4,25.7,27.0,6.7,Norwich,Midfielder,Tony Springett
0,5.8,1.3,0.1,12,7454,22352,376,0,0,0,8,0,0,0,0,0,0,0,28,13.6,19.2,70.0,9.7,Southampton,Midfielder,Theo Walcott
1,4.4,3.0,1.2,57,156746,154522,1710,0,0,3,35,0,0,0,1,0,68,6,330,559.8,0.0,0.0,56.2,Southampton,Goalkeeper,Fraser Forster
0,4.3,3.2,1.2,55,473975,532171,1530,0,0,5,27,0,0,0,1,0,44,3,286,334.4,10.0,0.0,34.5,Southampton,Goalkeeper,Alex McCarthy
1,4.5,2.4,0.5,88,109114,111921,2890,2,2,7,52,0,0,0,9,0,0,6,487,540.6,525.2,247.0,131.5,Southampton,Midfielder,Oriol Romeu Vidal
0,5.9,2.9,0.1,79,57815,61162,1827,1,6,4,33,0,0,0,0,0,0,6,313,333.6,516.0,310.0,116.0,Southampton,Midfielder,Nathan Redmond
0,4.4,1.1,0.1,12,3852,9828,810,0,0,1,19,0,0,0,3,0,0,0,135,192.8,48.2,6.0,24.8,Southampton,Defender,Jack Stephens
0,5.8,2.3,0.2,57,36300,55349,1465,2,1,3,30,0,0,0,1,0,0,3,239,266.2,384.0,377.0,102.7,Southampton,Midfielder,Stuart Armstrong
3,6.4,4.4,5.3,159,1395323,1290848,3215,10,5,7,65,0,0,0,3,1,0,21,769,970.0,1170.6,413.0,255.5,Southampton,Midfielder,James Ward-Prowse
1,4.8,2.6,1.1,82,233550,207168,2630,1,3,6,49,0,0,0,5,0,0,7,481,481.8,376.9,425.0,128.0,Southampton,Defender,Kyle Walker-Peters
2,4.4,3.0,1.4,94,296247,267883,2629,4,0,7,52,1,0,0,10,0,0,15,499,699.6,88.1,321.0,111.2,Southampton,Defender,Jan Bednarek
0,6.5,3.4,2.6,103,1093888,1033747,2034,7,4,5,40,0,0,0,0,0,0,11,333,425.8,337.7,804.0,156.8,Southampton,Forward,Che Adams
0,4.7,2.1,0.0,29,6764,13977,802,0,2,1,18,0,0,0,2,0,0,0,81,79.4,102.2,138.0,31.7,Southampton,Midfielder,Nathan Tella
0,4.5,1.2,0.0,5,23864,23824,132,0,0,0,5,0,0,0,0,0,0,0,25,7.2,15.7,8.0,3.1,Southampton,Midfielder,William Smallbone
1,4.5,1.9,0.1,44,28526,29108,1016,0,3,1,21,0,0,0,1,0,0,3,187,177.6,209.6,79.0,46.6,Southampton,Midfielder,Ibrahima Diallo
0,5.2,1.1,0.0,13,4993,8778,452,0,0,1,10,0,0,0,3,0,0,0,21,45.2,88.2,130.0,26.1,Southampton,Midfielder,Moussa Djenepo
0,4.5,1.7,0.2,58,56374,52283,2971,0,0,6,58,1,0,0,8,1,0,4,478,730.2,139.6,330.0,119.7,Southampton,Defender,Mohammed Salisu
0,4.8,1.9,0.1,38,14372,18983,1621,0,1,3,33,0,0,0,3,0,0,1,189,195.2,152.7,178.0,52.4,Southampton,Defender,Romain Perraud
0,4.2,2.9,6.6,80,2847356,2526604,2200,1,2,7,42,0,0,0,2,0,0,7,440,437.2,327.4,221.0,98.8,Southampton,Defender,Tino Livramento
0,5.4,3.0,0.2,90,68854,61999,2039,4,3,8,35,0,0,0,4,0,0,6,243,393.4,373.0,719.0,148.4,Southampton,Midfielder,Mohamed Elyounoussi
1,5.3,2.9,7.9,92,2475672,1840563,1969,6,2,5,37,0,0,0,2,0,0,11,234,280.2,159.2,720.0,115.6,Southampton,Forward,Armando Broja
0,5.4,1.5,0.2,19,35247,42765,300,1,0,0,5,0,0,0,1,0,0,0,48,57.8,29.5,171.0,25.7,Southampton,Forward,Shane Long
1,5.7,2.5,1.4,57,856507,891454,1409,2,3,4,31,0,0,0,1,0,0,3,150,179.2,180.2,575.0,92.7,Southampton,Forward,Adam Armstrong
0,3.9,1.8,0.8,9,108005,67154,369,0,0,1,7,0,0,0,0,0,0,0,62,70.8,20.4,2.0,9.3,Southampton,Defender,Yan Valery
0,4.4,1.3,0.0,19,2289,2550,906,0,0,1,20,0,0,0,2,0,0,1,155,202.8,35.6,58.0,29.6,Southampton,Defender,Lyanco Evangelista Silveira Neves Vojnovic
0,4.2,1.0,0.0,2,10597,8615,180,0,0,0,5,0,0,0,1,0,6,0,23,53.2,0.0,0.0,5.4,Southampton,Goalkeeper,Willy Caballero
3,5.5,4.2,8.5,158,1347692,1155816,3420,0,0,16,40,0,0,0,2,0,97,11,703,746.2,23.0,0.0,76.9,Spurs,Goalkeeper,Hugo Lloris
7,12.5,5.2,23.4,192,4493587,3536480,3231,17,11,14,40,0,0,0,5,0,0,23,684,1036.4,674.0,1798.0,350.4,Spurs,Forward,Harry Kane
8,11.2,7.4,35.6,258,7099486,5720170,3009,23,10,18,30,0,0,0,2,0,0,27,819,1201.8,1051.5,1296.0,355.4,Spurs,Midfielder,Heung-Min Son
2,4.5,4.5,0.8,67,925647,926500,871,2,5,3,11,0,0,0,0,0,0,8,255,279.6,224.4,291.0,79.6,Spurs,Defender,Matt Doherty
0,4.7,3.8,6.5,132,1598682,1288484,3071,0,1,16,30,1,0,0,1,0,0,7,680,727.4,117.1,195.0,104.0,Spurs,Defender,Eric Dier
1,5.9,2.6,1.3,87,970540,963370,1763,2,6,8,21,0,0,0,4,0,0,4,324,390.8,490.0,431.0,131.1,Spurs,Midfielder,Lucas Rodrigues Moura da Silva
1,4.5,3.6,3.1,105,521494,279419,2537,1,2,12,30,0,0,0,6,0,0,3,490,501.4,203.5,254.0,96.2,Spurs,Defender,Ben Davies
2,4.8,3.0,2.6,109,673058,709395,3196,2,3,16,34,0,0,0,3,0,0,6,616,716.0,439.2,323.0,147.9,Spurs,Midfielder,Pierre-Emile Højbjerg
0,4.4,1.7,1.0,33,164381,191013,904,0,2,1,15,0,0,0,2,0,0,1,175,168.6,198.6,20.0,38.8,Spurs,Midfielder,Harry Winks
3,4.2,4.0,2.0,93,586266,522709,1626,2,1,10,16,0,0,0,4,0,0,8,417,421.4,94.3,186.0,70.2,Spurs,Defender,Davinson Sánchez
0,4.4,3.7,2.1,56,210988,30187,1046,0,3,6,11,0,0,0,2,0,0,3,231,171.0,204.9,137.0,51.3,Spurs,Defender,Ryan Sessegnon
1,5.9,2.2,0.4,55,154267,175468,548,3,2,3,6,0,0,0,1,0,0,3,138,164.8,111.6,275.0,55.1,Spurs,Midfielder,Steven Bergwijn
2,5.0,4.2,7.2,104,3340792,3182553,1914,2,4,9,25,0,0,0,4,0,0,9,438,468.8,459.9,362.0,129.3,Spurs,Defender,Sergio Reguilón
0,4.2,2.6,0.8,29,404744,419630,735,0,0,5,11,0,0,0,2,1,0,0,133,118.0,48.1,108.0,27.5,Spurs,Defender,Japhet Tanganga
0,5.9,1.2,0.1,11,7998,18414,231,0,0,0,5,0,0,0,0,0,0,0,41,33.4,77.6,59.0,16.8,Spurs,Midfielder,Giovani Lo Celso
0,4.4,1.9,0.6,34,307650,311150,1346,0,0,8,13,0,0,0,6,0,0,0,180,183.8,151.5,39.0,37.4,Spurs,Midfielder,Oliver Skipp
0,4.2,1.0,0.1,3,4150,10478,87,0,0,0,3,0,0,0,0,0,0,0,17,19.6,0.7,0.0,2.0,Spurs,Defender,Joe Rodon
0,5.7,2.4,0.2,22,28911,46409,481,1,1,0,11,0,0,0,1,0,0,0,85,99.8,83.1,122.0,30.4,Spurs,Midfielder,Tanguy Ndombele
0,5.7,1.0,0.1,9,5361,13734,86,0,0,0,1,0,0,0,0,0,0,0,32,22.8,37.3,25.0,8.5,Spurs,Midfielder,Bryan Gil Salvatierra
2,4.8,2.9,0.7,63,142185,124136,1844,1,0,5,25,0,0,0,8,0,0,10,385,498.8,98.9,102.0,69.9,Spurs,Defender,Cristian Romero
0,4.5,1.0,2.3,1,507282,498516,3,0,0,0,0,0,0,0,0,0,0,0,4,1.0,0.0,0.0,0.1,Spurs,Forward,Dane Scarlett
1,4.6,3.3,2.5,102,548967,335375,2282,1,1,10,26,0,0,0,5,0,0,8,489,463.0,448.9,298.0,121.1,Spurs,Defender,Emerson Aparecido Leite de Souza Junior
1,6.3,5.5,10.9,99,1776170,780053,1259,5,9,9,11,0,0,0,3,0,0,8,343,425.2,368.7,442.0,123.3,Spurs,Midfielder,Dejan Kulusevski
0,4.9,3.1,0.1,52,20754,13422,1360,0,4,9,12,0,0,0,5,0,0,4,266,322.8,244.8,122.0,68.9,Spurs,Midfielder,Rodrigo Bentancur
0,4.3,2.4,2.3,85,563218,514991,3220,2,1,4,73,0,0,0,5,0,0,1,408,569.6,514.5,320.0,140.6,Watford,Midfielder,Moussa Sissoko
3,4.2,3.1,19.7,81,1417262,1779747,2340,0,1,4,49,0,1,0,0,0,70,9,433,559.2,10.0,0.0,57.0,Watford,Goalkeeper,Ben Foster
0,4.2,0.9,0.2,7,22279,61162,688,0,0,0,16,0,0,0,4,0,0,0,75,104.8,80.5,39.0,22.4,Watford,Defender,Danny Rose
0,4.7,2.8,0.0,11,2454,6405,164,1,0,1,5,0,0,0,0,0,0,0,44,48.6,17.3,40.0,10.5,Watford,Midfielder,Dan Gosling
0,4.2,1.6,0.2,50,69084,67073,2394,0,1,3,55,0,0,0,3,0,0,1,393,504.6,46.4,42.0,59.3,Watford,Defender,Craig Cathcart
0,5.4,1.0,0.3,2,36912,261591,23,0,0,0,1,0,0,0,0,0,0,0,5,2.2,10.6,14.0,2.7,Watford,Forward,Troy Deeney
0,4.8,1.7,0.1,48,23642,29778,1611,0,2,2,38,0,0,0,2,0,0,0,209,227.4,313.3,143.0,68.3,Watford,Midfielder,Tom Cleverley
0,4.3,2.0,0.1,53,43842,49896,2143,0,5,2,49,0,0,0,2,0,0,1,385,422.0,399.2,53.0,87.7,Watford,Defender,Francisco Femenía Far
0,4.3,1.3,0.1,21,4201,9825,1190,0,0,1,30,0,0,0,0,0,0,0,163,245.2,27.1,44.0,31.7,Watford,Defender,Christian Kabasele
0,4.3,1.1,0.1,18,17463,23371,1388,0,0,0,30,0,0,0,3,0,0,0,171,252.6,14.1,17.0,28.4,Watford,Defender,William Troost-Ekong
0,4.0,2.1,1.3,25,377376,443139,1080,0,0,0,28,0,0,0,0,0,47,0,196,335.2,0.0,0.0,33.7,Watford,Goalkeeper,Daniel Bachmann
0,4.3,1.7,0.1,25,7625,14449,1075,0,1,1,26,0,0,0,0,0,0,2,179,220.0,120.6,31.0,37.2,Watford,Defender,Adam Masina
0,5.2,1.4,0.0,26,3223,6493,844,0,0,2,16,0,0,0,1,0,0,0,81,92.4,190.2,63.0,34.5,Watford,Midfielder,Ken Sema
0,4.8,1.0,0.2,3,41060,51653,28,0,0,0,0,0,0,0,0,0,0,0,5,9.0,0.5,20.0,3.0,Watford,Forward,Ashley Fletcher
0,4.3,1.0,0.0,5,4320,15578,427,0,0,0,9,1,0,0,0,0,0,0,57,95.0,0.5,19.0,11.5,Watford,Defender,Francisco Sierralta
1,5.7,3.7,2.7,81,1963682,2103831,1862,5,2,2,40,0,0,1,2,0,0,9,217,342.4,298.1,540.0,118.0,Watford,Midfielder,Ismaila Sarr
0,4.2,1.8,0.0,28,4054,6584,896,0,0,2,19,0,0,0,0,0,0,2,154,171.8,74.0,16.0,25.9,Watford,Defender,Jeremy Ngakia
0,5.2,1.6,0.0,31,133343,135204,1415,0,0,3,38,0,0,0,6,0,0,0,173,232.6,228.2,122.0,58.4,Watford,Midfielder,Imrân Louza
0,5.4,2.1,0.5,60,152141,129896,1634,3,1,2,35,0,0,0,1,0,0,4,207,332.6,291.2,610.0,123.7,Watford,Forward,João Pedro Junqueira de Jesus
4,5.8,4.1,20.0,134,6588914,5110737,2579,10,7,3,60,0,0,0,7,1,0,21,425,667.6,453.4,932.0,205.2,Watford,Forward,Emmanuel Dennis
0,4.3,1.1,0.2,10,49976,54548,396,0,0,0,8,0,0,0,3,0,0,0,58,47.0,33.2,10.0,9.0,Watford,Midfielder,Oghenekaro Peter Etebo
2,5.6,2.7,2.9,87,1882523,1712180,2244,5,4,3,47,0,0,0,5,0,0,5,268,403.0,460.1,696.0,155.5,Watford,Forward,Joshua King
1,4.9,2.5,1.6,62,684766,635227,1138,5,2,1,34,1,0,0,3,0,0,8,247,305.8,289.5,397.0,98.7,Watford,Forward,Juan Camilo Hernández Suárez
0,5.5,2.1,0.1,54,142868,136830,1917,1,2,2,34,1,0,0,3,1,0,2,218,304.8,164.2,353.0,82.1,Watford,Midfielder,Juraj Kucka
0,5.0,1.4,0.0,10,2095,2307,334,0,0,0,9,0,0,0,0,0,0,0,22,18.2,53.1,23.0,9.0,Watford,Midfielder,Ozan Tufan
0,4.4,1.7,0.0,5,1131,1183,167,0,0,0,2,0,0,0,0,0,0,0,27,23.4,10.7,0.0,3.5,Watford,Defender,Nicolas Nkoulou
0,4.5,2.0,0.1,38,33471,25869,1622,1,0,3,37,0,0,0,3,1,0,3,299,368.8,153.3,45.0,56.5,Watford,Defender,Hassane Kamara
0,4.5,1.9,0.0,36,7533,6447,1674,0,0,4,36,0,0,0,4,0,0,0,272,298.2,24.7,121.0,44.5,Watford,Defender,Samir Caetano de Souza Santos
0,4.5,1.8,0.0,24,4683,4035,795,0,0,2,17,0,0,0,0,0,0,1,127,121.0,91.7,30.0,24.3,Watford,Midfielder,Edo Kayembe
0,4.9,1.8,0.0,7,786,618,221,0,0,1,6,0,0,0,0,0,0,0,23,21.8,31.9,24.0,7.8,Watford,Midfielder,Samuel Kalu
0,5.4,2.8,1.2,66,199711,249885,2078,1,0,5,29,1,0,0,1,0,0,5,388,506.0,33.3,131.0,67.2,West Ham,Defender,Kurt Zouma
0,4.3,1.7,0.7,19,124839,131155,325,1,0,1,5,0,0,1,0,0,0,1,76,85.2,24.5,34.0,14.4,West Ham,Midfielder,Mark Noble
3,5.0,3.7,2.8,136,445018,398488,3330,0,0,8,50,0,3,0,2,0,114,9,661,918.6,0.0,0.0,91.8,West Ham,Goalkeeper,Lukasz Fabianski
1,4.9,3.6,0.2,40,81650,90656,921,1,0,3,11,0,0,0,1,0,0,6,182,167.0,5.3,67.0,24.0,West Ham,Defender,Angelo Ogbonna
1,5.4,3.7,7.9,115,1231696,1977338,2726,2,4,7,38,0,0,0,3,0,0,17,578,589.2,545.7,187.0,132.4,West Ham,Defender,Aaron Cresswell
0,5.0,1.3,0.1,25,10630,24982,303,1,0,1,4,0,0,0,1,0,0,0,73,75.4,63.2,150.0,28.6,West Ham,Midfielder,Andriy Yarmolenko
4,7.3,3.9,24.3,140,7618487,7847889,2975,10,10,7,43,0,0,1,6,1,0,14,441,649.2,615.6,1274.0,252.7,West Ham,Forward,Michail Antonio
0,4.9,2.6,0.8,90,212517,176739,2752,2,3,6,43,0,0,0,4,1,0,1,466,712.0,62.4,389.0,116.6,West Ham,Defender,Craig Dawson
0,4.4,1.0,0.1,7,6101,12633,303,0,0,0,6,0,0,0,1,0,0,0,38,29.6,31.6,4.0,6.6,West Ham,Defender,Ryan Fredericks
1,5.6,3.1,0.4,92,144077,131225,1777,5,3,4,29,0,0,0,2,0,0,8,440,425.4,373.5,201.0,100.3,West Ham,Midfielder,Manuel Lanzini
1,4.4,2.2,0.1,29,55653,53461,645,1,1,1,12,0,0,0,1,0,0,3,145,178.2,57.2,39.0,27.5,West Ham,Defender,Arthur Masuaku
1,4.7,2.5,3.1,70,728018,1464828,2207,0,4,6,36,1,0,0,3,1,0,3,384,433.2,359.9,167.0,95.8,West Ham,Defender,Vladimir Coufal
4,5.9,4.3,10.7,138,4289826,4288183,2162,8,6,9,27,0,0,0,0,0,0,15,441,561.0,476.4,737.0,177.6,West Ham,Midfielder,Saïd Benrahma
6,6.9,5.7,15.0,206,4802662,3652007,2987,12,17,8,46,0,0,0,6,0,0,24,586,822.2,627.2,1223.0,267.4,West Ham,Midfielder,Jarrod Bowen
1,5.0,2.6,4.3,95,708645,776210,3178,1,4,8,49,0,0,0,8,0,0,7,595,773.4,401.8,288.0,146.8,West Ham,Midfielder,Declan Rice
2,5.7,3.3,3.4,114,405482,961615,3061,5,1,6,46,0,0,0,3,0,0,14,485,662.0,300.1,690.0,165.6,West Ham,Midfielder,Tomas Soucek
1,5.9,3.2,1.3,117,617175,590788,2795,6,4,8,38,0,0,0,4,0,0,5,480,574.8,719.5,532.0,182.7,West Ham,Midfielder,Pablo Fornals
1,4.2,2.3,0.3,30,52567,68358,961,0,1,2,19,0,0,0,0,0,0,2,203,225.6,21.3,44.0,29.1,West Ham,Defender,Issa Diop
0,3.9,2.4,3.6,48,677958,592295,1397,1,0,3,18,0,0,0,1,0,0,1,235,307.2,176.4,39.0,52.3,West Ham,Defender,Ben Johnson
0,4.7,2.0,0.7,2,143981,203080,90,0,0,0,1,0,0,0,0,0,2,0,11,20.4,0.0,0.0,2.0,West Ham,Goalkeeper,Alphonse Areola
0,5.6,1.6,0.0,30,9981,9609,549,1,0,1,10,0,0,0,0,0,0,0,98,85.4,122.8,115.0,32.3,West Ham,Midfielder,Nikola Vlasic
0,4.4,1.0,0.1,1,25343,22233,1,0,0,0,0,0,0,0,0,0,0,0,3,0.0,0.0,0.0,0.0,West Ham,Midfielder,Alex Kral
0,4.0,1.0,0.1,1,4751,3795,6,0,0,0,1,0,0,0,0,0,0,0,4,2.0,1.0,0.0,0.3,West Ham,Defender,Harrison Ashby
0,4.5,1.0,0.0,1,715,602,3,0,0,0,0,0,0,0,0,0,0,0,3,0.0,0.0,0.0,0.0,West Ham,Midfielder,Sonny Perkins
0,4.5,1.0,0.0,1,349,208,1,0,0,0,0,0,0,0,0,0,0,0,3,0.0,0.0,0.0,0.0,West Ham,Midfielder,Daniel Chesters
1,4.9,2.7,0.7,96,227335,217432,2970,2,1,11,40,0,0,0,4,0,0,8,511,527.8,660.9,144.0,133.2,Wolves,Midfielder,João Filipe Iria Santos Moutinho
0,4.9,1.7,0.1,17,14720,17055,900,0,0,1,20,0,0,0,1,0,0,0,165,195.4,18.1,29.0,24.3,Wolves,Defender,Willy Boly
1,4.7,3.6,13.4,138,2263674,1635017,3361,4,0,11,43,0,0,0,4,0,0,10,688,781.0,45.4,202.0,103.2,Wolves,Defender,Conor Coady
1,7.5,3.0,4.2,101,3042843,3027938,2630,6,5,11,32,0,0,0,5,2,0,11,266,470.8,506.7,746.0,171.2,Wolves,Forward,Raúl Jiménez
1,4.8,3.5,2.1,109,862203,753395,2706,2,0,11,30,0,0,0,6,0,0,6,540,694.6,112.2,214.0,102.3,Wolves,Defender,Romain Saïss
1,4.2,3.7,1.3,67,1025089,953784,1448,0,3,6,14,0,0,0,3,0,0,5,295,247.2,187.3,135.0,56.3,Wolves,Defender,Fernando Marçal
2,4.5,2.9,0.6,38,101553,53536,1022,2,0,2,22,0,0,0,1,0,0,2,178,229.8,174.2,144.0,54.9,Wolves,Defender,Jonathan Castro Otto
1,4.6,2.5,0.3,76,74263,67799,1945,2,3,5,29,0,0,0,4,0,0,5,308,348.6,180.0,279.0,80.9,Wolves,Midfielder,Leander Dendoncker
0,5.6,2.2,1.0,44,530240,581403,1069,1,1,5,10,0,0,0,0,0,0,0,168,192.0,271.1,300.0,76.6,Wolves,Midfielder,Adama Traoré
0,5.2,2.9,0.9,95,251079,312066,2659,4,2,9,34,0,0,0,9,0,0,7,509,629.6,436.7,237.0,130.4,Wolves,Midfielder,Rúben Diogo da Silva Neves
0,4.8,3.8,1.5,94,621237,657697,2131,0,1,9,18,0,0,0,1,0,0,9,412,346.2,289.3,266.0,90.3,Wolves,Defender,Nélson Cabral Semedo
0,5.5,2.7,0.2,70,132714,122412,1475,2,3,9,12,0,0,0,2,0,0,2,257,328.6,493.0,459.0,128.2,Wolves,Midfielder,Daniel Castelo Podence
0,4.5,3.5,1.3,106,575476,490622,2688,1,1,10,25,0,0,0,3,0,0,5,536,587.8,68.8,207.0,86.5,Wolves,Defender,Max Kilman
0,4.5,0.5,0.1,1,7872,34960,7,0,0,0,0,0,0,0,1,0,0,0,0,0.0,0.7,24.0,2.1,Wolves,Midfielder,Morgan Gibbs-White
0,6.2,1.7,0.1,22,17478,15974,459,1,1,0,14,0,0,0,3,0,0,0,88,103.4,205.1,219.0,52.6,Wolves,Midfielder,Pedro Lomba Neto
0,3.9,1.8,1.6,14,337223,381010,306,0,0,1,5,0,0,0,1,0,0,0,56,42.6,22.1,8.0,7.1,Wolves,Defender,Ki-Jana Hoever
0,5.6,1.4,0.4,30,60803,97317,562,0,1,0,7,0,0,0,0,0,0,0,43,21.0,48.3,262.0,32.0,Wolves,Forward,Fabio Silva
0,4.3,1.5,0.2,3,7550,15040,135,0,0,0,3,0,0,0,0,0,4,0,20,34.2,0.0,0.0,3.4,Wolves,Goalkeeper,John Ruddy
1,5.6,2.4,0.3,66,135774,158964,1328,2,1,7,15,0,0,0,0,0,0,2,197,242.0,247.2,390.0,87.9,Wolves,Midfielder,Francisco Machado Mota de Castro Trincão
2,4.1,3.8,1.3,87,385429,325163,1826,1,4,7,26,0,0,0,4,0,0,10,367,390.8,323.2,174.0,89.1,Wolves,Defender,Rayan Ait Nouri
4,5.2,3.9,8.3,146,1765685,1134280,3285,0,1,11,40,1,0,0,3,0,121,11,722,947.0,30.0,0.0,97.5,Wolves,Goalkeeper,José Malheiro de Sá
0,4.4,1.8,0.1,7,12082,11827,179,0,0,1,1,0,0,0,0,0,0,0,32,17.0,32.0,2.0,5.1,Wolves,Midfielder,Luke Cundle
0,4.4,1.0,0.2,1,40835,37967,12,0,0,0,0,0,0,0,0,0,0,0,5,2.0,1.7,2.0,0.6,Wolves,Midfielder,Chem Campbell
1,5.4,2.7,3.4,81,2119461,1898820,1811,5,1,7,22,0,0,0,2,0,0,11,288,322.2,268.3,481.0,106.7,Wolves,Forward,Hee-Chan Hwang
0,4.4,1.5,0.0,6,696,558,360,0,0,0,6,0,0,0,1,0,0,0,52,87.0,4.5,28.0,12.0,Wolves,Defender,Toti António Gomes
0,5.5,2.5,0.0,20,2256,1393,203,0,3,0,5,0,0,0,0,0,0,2,67,99.4,83.4,118.0,30.1,Wolves,Midfielder,Francisco Jorge Tomás Oliveira
